icao_24bit_address,registration,manufacturer,model,aircraft_type,serial_number,description,operator,registered_at,registered_until,manufactured_at
0082cc,ZS-BAX,AgustaWestland,A.109S Grand,A109,22042,H2T,,,,
008c1f,ZS-EOS,AgustaWestland,AW139,A139,31502,H2T,,2013-09-10,,2013-01-01
0092c7,ZS-HCG,AgustaWestland,AW119 Mk II,A119,14739,H1T,,,,
0092e7,ZS-HDM,AgustaWestland,AW119,A119,14025,H1T,,,,
0092ea,ZS-HDP,AgustaWestland,A.109S Grand,A109,22153,H2T,,,,
009311,ZS-HFC,AgustaWestland,A.109E Power,A109,11117,H2T,,,,
009391,ZS-HKA,AgustaWestland,AW119 Mk II,A119,14834,H1T,,,,
00939c,ZS-HKL,AgustaWestland,A.109S Grand,A109,22112,H2T,,,,
0093ac,ZS-HLB,AgustaWestland,AW119,A119,14046,H1T,,,,
0093ca,ZS-HMF,AgustaWestland,AW119 Mk II,A119,14762,H1T,,,,
0093d2,ZS-HMN,AgustaWestland,A.109E Power,A109,11148,H2T,,,,
0093da,ZS-HMV,AgustaWestland,A.109S Grand,A109,22070,H2T,,,,
00945c,ZS-HRV,AgustaWestland,AW119 Mk II,A119,14709,H1T,,,,
00ade2,ZS-RJD,AgustaWestland,A.109E Power,A109,11010,H2T,,,,
00ae87,ZS-RPM,AgustaWestland,AW139,A139,31363,H2T,,,,
00ae88,ZS-RPN,AgustaWestland,A.109K2,A109,10036,H2T,,,,
00aeaf,ZS-RRA,AgustaWestland,AW119 Mk II,A119,14721,H1T,,,,
00aeb0,ZS-RRB,AgustaWestland,A.109E Power,A109,11707,H2T,,,,
00aed4,ZS-RSL,AgustaWestland,AW119,A119,14013,H1T,,,,
00c221,ZS-ZAM,AgustaWestland,AW119,A119,14531,H1T,,,,
010123,SU-CBV,AgustaWestland,AW139,A139,41209,H2T,,,,
010124,SU-CBW,AgustaWestland,AW139,A139,41217,H2T,,,,
0101c1,SU-CCE,AgustaWestland,AW139,A139,41502,H2T,,,,
020116,CN-HAK,AgustaWestland,AW139,A139,31565,H2T,,,,
020117,CN-HAW,AgustaWestland,AW139,A139,31566,H2T,,,,
042f21,3C-MAD,AgustaWestland,AW169,A169,69028,H2T,,,,
05329c,PR-HMK,AgustaWestland,A.109E Power,A109,11732,H2T,,2009-01-08,2016-01-01,2008-01-01
06407e,5N-RSN,AgustaWestland,AW139,A139,31060,H2T,,,,
064119,5N-BOI,AgustaWestland,AW139,A139,31380,H2T,CJR,,,
06411a,5N-BOJ,AgustaWestland,AW139,A139,31385,H2T,CJR,,,
06411b,5N-BOX,AgustaWestland,AW139,A139,31386,H2T,CJR,,,
064167,5N-BQB,AgustaWestland,AW139,A139,31540,H2T,,,,
0641cf,5N-BSK,AgustaWestland,AW139,A139,41393,H2T,,,,
0641d0,5N-BTR,AgustaWestland,AW139,A139,31578,H2T,CJR,,,
06a06a,A7-GHA,AgustaWestland,AW139,A139,31132,H2T,,,,
06a06b,A7-GHB,AgustaWestland,AW139,A139,31140,H2T,,2008-07-22,,2008-01-01
06a082,A7-GHC,AgustaWestland,AW139,A139,31225,H2T,,,,
06a0a0,A7-GHD,AgustaWestland,AW139,A139,31233,H2T,,,,
06a0a1,A7-GHE,AgustaWestland,AW139,A139,31235,H2T,,,,
06a0c5,A7-GHF,AgustaWestland,AW139,A139,31242,H2T,,,,
06a0ce,A7-GHG,AgustaWestland,AW139,A139,41222,H2T,,,,
06a0cf,A7-GHH,AgustaWestland,AW139,A139,41225,H2T,,,,
06a0d9,A7-GHJ,AgustaWestland,AW139,A139,41241,H2T,,,,
06a0da,A7-GHK,AgustaWestland,AW139,A139,41248,H2T,,,,
06a13e,A7-GHL,AgustaWestland,AW139,A139,31381,H2T,,,,
06a193,A7-GHM,AgustaWestland,AW139,A139,31450,H2T,,,,
06a19c,A7-GHO,AgustaWestland,AW139,A139,31523,H2T,,,,
06a1b2,A7-GAA,AgustaWestland,AW189,A189,49009,H2T,,,,
06a1b3,A7-GAB,AgustaWestland,AW189,A189,49010,H2T,,,,
06a1b6,A7-GAC,AgustaWestland,AW189,A189,49015,H2T,,,,
06a1b7,A7-GAD,AgustaWestland,AW189,A189,49016,H2T,,,,
06a1c1,A7-GCR,AgustaWestland,AW139,A139,31570,H2T,,,,
06a24e,QA60,AgustaWestland,AW139,A139,31273,H2T,,,,
06a24f,QA61,AgustaWestland,AW139,A139,31279,H2T,,,,
06a250,QA62,AgustaWestland,AW139,A139,31280,H2T,,,,
06a251,QA63,AgustaWestland,AW139,A139,31300,H2T,,,,
06a252,QA64,AgustaWestland,AW139,A139,31304,H2T,,,,
06a253,QA65,AgustaWestland,AW139,A139,31306,H2T,,,,
06a254,QA66,AgustaWestland,AW139,A139,31321,H2T,,,,
06a257,QA67,AgustaWestland,AW139,A139,31337,H2T,,,,
06a259,QA69,AgustaWestland,AW139,A139,31355,H2T,,,,
06a25a,QA70,AgustaWestland,AW139,A139,31341,H2T,,,,
06a25c,QA72,AgustaWestland,AW139,A139,31364,H2T,,,,
06a25d,QA73,AgustaWestland,AW139,A139,31365,H2T,,,,
06a25e,QA74,AgustaWestland,AW139,A139,31368,H2T,,,,
06a261,QA77,AgustaWestland,AW139,A139,31397,H2T,,,,
08004f,5H-EXT,AgustaWestland,AW139,A139,41344,H2T,,2013-10-01,2015-01-01,2013-01-01
0ac327,HK-5132,AgustaWestland,AW139,A139,41394,H2T,,,,
0ac328,HK-5133,AgustaWestland,AW139,A139,41396,H2T,,,,
0c6043,9Y-DEL,AgustaWestland,AW139,A139,41221,H2T,,,,
0c6044,9Y-TAJ,AgustaWestland,AW139,A139,41234,H2T,,,,
0c6046,9Y-ELL,AgustaWestland,AW139,A139,41363,H2T,,,,
0c6047,9Y-ENT,AgustaWestland,AW139,A139,41368,H2T,BHL,,,
0c6049,9Y-TKB,AgustaWestland,AW139,A139,41395,H2T,,,,
0c604a,9Y-TKC,AgustaWestland,AW139,A139,41397,H2T,,,,
0d0460,XA-JSL,AgustaWestland,AW139,A139,31082,H2T,,,,
0d0699,XA-TMX,AgustaWestland,AW119 Mk II,A119,14779,H1T,,,,
1406a4,RA-01700,AgustaWestland,A.109S Grand,A109,22123,H2T,,,,
14076d,RA-01901,AgustaWestland,A.109E Power,A109,11094,H2T,,,,
14076e,RA-01902,AgustaWestland,AW109SP,A109,22263,H2T,,,,
14076f,RA-01903,AgustaWestland,A.109S Grand,A109,22084,H2T,,,,
140770,RA-01904,AgustaWestland,A.109S Grand,A109,22100,H2T,,,,
140771,RA-01905,AgustaWestland,A.109S Grand,A109,22092,H2T,,,,
140773,RA-01907,AgustaWestland,AW139,A139,31330,H2T,,,,
140774,RA-01908,AgustaWestland,AW119 Mk II,A119,14742,H1T,,,,
1407b3,RA-01971,AgustaWestland,AW139,A139,31422,H2T,UTA,,,
1407b4,RA-01972,AgustaWestland,AW139,A139,31429,H2T,UTA,,,
1407b6,RA-01974,AgustaWestland,AW139,A139,31453,H2T,UTA,,,
1407b7,RA-01975,AgustaWestland,AW139,A139,31454,H2T,UTA,,,
1407bb,RA-01979,AgustaWestland,AW119 Mk II,A119,14743,H1T,,,,
1407bd,RA-01981,AgustaWestland,AW139,A139,31376,H2T,SDM,,,
1407be,RA-01982,AgustaWestland,AW139,A139,31393,H2T,SDM,,,
1407c2,RA-01992,AgustaWestland,AW139,A139,31472,H2T,UTA,,,
1407c6,RA-01990,AgustaWestland,AW139,A139,31425,H2T,,,,
1407c9,RA-01993,AgustaWestland,AW139,A139,31473,H2T,UTA,,,
1407cc,RA-01996,AgustaWestland,AW139,A139,60001,H2T,,,,
300215,I-ANIA,AgustaWestland,A.109A,A109,7286,H2T,,,,
300285,I-EITD,AgustaWestland,AB139,A139,31033,H2T,,,,
300292,I-FACM,AgustaWestland,A.109S Grand,A109,22030,H2T,,,,
3002ae,I-REDY,AgustaWestland,AW139,A139,31077,H2T,EDO,,,
3002bb,I-ELFA,AgustaWestland,A.109S Grand,A109,22032,H2T,,,,
3002c3,I-CESR,AgustaWestland,A.109S Grand,A109,22033,H2T,,,,
3002c9,I-CLMH,AgustaWestland,A.109S Grand,A109,22037,H2T,,,,
3002e4,I-RDSN,AgustaWestland,A.109S Grand,A109,22041,H2T,,,,
300302,I-GREI,AgustaWestland,AW139,A139,31092,H2T,,,,
300303,I-GREF,AgustaWestland,A.109A Mk II,A109,7323,H2T,,,,
300306,I-TAIF,AgustaWestland,AW139,A139,31086,H2T,,,,
300310,I-BUFC,AgustaWestland,A.109S Grand,A109,22051,H2T,,,,
30033a,I-SIRI,AgustaWestland,A.109E Power,A109,11725,H2T,,,,
300347,I-ASAR,AgustaWestland,AB139,A139,31024,H2T,,,,
300348,I-GREE,AgustaWestland,AB139,A139,31054,H2T,,,,
30035b,I-GEST,AgustaWestland,A.109E Power,A109,11726,H2T,,,,
30035c,I-COLK,AgustaWestland,AW139,A139,31119,H2T,,,,
30035d,I-ROUL,AgustaWestland,A.109S Grand,A109,22074,H2T,,,,
30036f,I-LIDF,AgustaWestland,A.109S Grand,A109,22077,H2T,LID,,,
30038f,I-BEPP,AgustaWestland,AW139,A139,31151,H2T,,,,
3003a5,I-CYMA,AgustaWestland,A.109S Grand,A109,22097,H2T,,,,
3003c5,I-SCTA,AgustaWestland,A.109E Power,A109,11201,H2T,,,,
3003c9,I-EITC,AgustaWestland,A.109S Grand,A109,22007,H2T,,,,
3003e1,I-ESPA,AgustaWestland,A.109S Grand,A109,22111,H2T,,,,
3003e5,I-WELL,AgustaWestland,A.109S Grand,A109,22115,H2T,,,,
3003f7,I-KORE,AgustaWestland,A.109S Grand,A109,22130,H2T,,,,
3003fe,I-CALI,AgustaWestland,A.109S Grand,A109,22128,H2T,,,,
300401,I-NOST,AgustaWestland,AW139,A139,31246,H2T,,,,
300409,I-CPFL,AgustaWestland,AW109SP,A109,22335,H2T,,,,
300418,I-FIPS,AgustaWestland,AB139,A139,31007,H2T,,,,
300425,I-ESPO,AgustaWestland,A.109S Grand,A109,22155,H2T,,,,
30042c,I-RAKE,AgustaWestland,A.109S Grand,A109,22138,H2T,,,,
30042d,I-CLOE,AgustaWestland,A.109S Grand,A109,22144,H2T,,,,
30042e,I-CDDL,AgustaWestland,AW139,A139,31055,H2T,,,,
300441,I-ESPE,AgustaWestland,AW109 Trekker,A109,22088,H2T,,,,
300470,I-JADX,AgustaWestland,A.109S Grand,A109,22167,H2T,,,,
300497,I-KERA,AgustaWestland,A.109S Grand,A109,22164,H2T,,,,
3004ab,I-ESPI,AgustaWestland,A.109S Grand,A109,22172,H2T,,,,
3004ad,I-RELO,AgustaWestland,A.109S Grand,A109,22179,H2T,,,,
3004bc,I-ANEW,AgustaWestland,AB139,A139,31004,H2T,,,,
3004e1,I-SNDR,AgustaWestland,AW109SP,A109,22244,H2T,,,,
3004e3,I-RYMA,AgustaWestland,AW109SP,A109,22249,H2T,,,,
3004ea,I-SATY,AgustaWestland,AW109SP,A109,22235,H2T,,,,
3004f7,I-TNDD,AgustaWestland,AW139,A139,31374,H2T,,,,
300523,I-LCCO,AgustaWestland,AW109SP,A109,22248,H2T,,,,
300538,I-AWTC,AgustaWestland,AW109SP,A109,22203,H2T,,,,
300549,I-PAAA,AgustaWestland,AW139,A139,31428,H2T,,,,
30054f,I-DPRA,AgustaWestland,AW139,A139,31449,H2T,,,,
30055e,I-AWCG,AgustaWestland,AW169,A169,69004,H2T,,,,
30058b,I-PTFF,AgustaWestland,AW189,A189,49005,H2T,,,,
30058e,I-AVCS,AgustaWestland,AW139,A139,31476,H2T,,,,
3005a2,I-LUXT,AgustaWestland,AW139,A139,31549,H2T,,,,
3005a6,I-IDVE,AgustaWestland,AW139,A139,31534,H2T,,,,
3005b6,I-AWTJ,AgustaWestland,AW139,A139,31087,H2T,,,,
3005c5,I-SRNT,AgustaWestland,AW139,A139,31588,H2T,,,,
3005e3,I-LCIH,AgustaWestland,AW189,A189,49011,H2T,,,,
30060e,I-TEBA,AgustaWestland,A.109E Power,A109,11825,H2T,,,,
300620,I-LCIB,AgustaWestland,AW189,A189,49021,H2T,,,,
30063b,I-LCIA,AgustaWestland,AW169,A169,69007,H2T,,,,
30063e,I-AWTK,AgustaWestland,AW139,A139,31353,H2T,,,,
30063f,I-DIOS,AgustaWestland,AW109SP,A109,22217,H2T,,,,
300661,I-BBPE,AgustaWestland,AW169,A169,69012,H2T,,,,
30066c,I-HECO,AgustaWestland,AW139,A139,41510,H2T,,,,
300687,I-ROBS,AgustaWestland,AW169,A169,69019,H2T,,,,
300695,I-ROAV,AgustaWestland,AW139,A139,31739,H2T,,,,
3006b0,I-KYRA,AgustaWestland,AW169,A169,69045,H2T,,,,
3006da,I-AWCV,AgustaWestland,AW119 Kx,A119,14792,H1T,,,,
3006ed,I-MCSH,AgustaWestland,AW169,A169,69054,H2T,,,,
31fefb,I-RAIO,AgustaWestland,AW189,A189,49045,H2T,,,,
31feff,I-RAIS,AgustaWestland,A.109S Grand,A109,4093,H2T,,,,
31ff00,I-RAIT,AgustaWestland,AW169,A169,69008,H2T,,,,
31ff17,I-RAIH,AgustaWestland,AW189,A189,49003,H2T,,,,
31ff1f,I-RAIF,AgustaWestland,AW169,A169,69006,H2T,,,,
32000d,MM81814,AgustaWestland,UH-139C,A139,31483,H2T,,,,
32000e,MM81815,AgustaWestland,UH-139C,A139,31484,H2T,,,,
32000f,MM81817,AgustaWestland,UH-139C,A139,31505,H2T,,,,
320010,MM81818,AgustaWestland,UH-139C,A139,31515,H2T,,,,
320011,MM81819,AgustaWestland,UH-139C,A139,31517,H2T,,,,
320015,MM81838,AgustaWestland,UH-139C,A139,31574,H2T,,,,
320016,MM81839,AgustaWestland,UH-139C,A139,31582,H2T,,,,
33fde2,CSX81848,AgustaWestland,AW149,A149,49006,H2T,,,,
33fe0c,MM81824,AgustaWestland,HH-139A,A139,31528,H2T,,,,
33fe21,MM81800,AgustaWestland,HH-139A,A139,31434,H2T,,,,
33fe25,MM81796,AgustaWestland,HH-139A,A139,31403,H2T,,,,
33fe9f,MM81707,AgustaWestland,A.109N,A109,22539,H2T,,,,
33fec7,MM81677,AgustaWestland,A.109N,A109,22532,H2T,,,,
33fecb,MM81676,AgustaWestland,A.109N,A109,22531,H2T,,,,
33ff0e,MM81669,AgustaWestland,A.109N,A109,22517,H2T,,,,
33ff1f,MM81668,AgustaWestland,A.109N,A109,22512,H2T,,,,
33ff3e,MM81667,AgustaWestland,A.109N,A109,22511,H2T,,,,
33ff3f,MM81666,AgustaWestland,A.109N,A109,22509,H2T,,,,
33ff40,MM81665,AgustaWestland,A.109N,A109,22506,H2T,,,,
33ff41,MM81664,AgustaWestland,A.109N,A109,22504,H2T,,,,
33ff42,MM81663,AgustaWestland,A.109N,A109,22503,H2T,,,,
3423ca,EC-LOD,AgustaWestland,A.109E Power,A109,11121,H2T,,,,
342413,EC-JOU,AgustaWestland,AB139,A139,31034,H2T,,,,
34264d,EC-JKP,AgustaWestland,A.109E Power,A109,11637,H2T,,,,
34268b,EC-KHV,AgustaWestland,AW139,A139,31089,H2T,,,,
343053,EC-KJU,AgustaWestland,A.109E Power,A109,11709,H2T,HSE,,,
3430c1,EC-KLC,AgustaWestland,AW139,A139,31107,H2T,,,,
3430c8,EC-KLM,AgustaWestland,AW139,A139,31201,H2T,,,,
3430c9,EC-KLN,AgustaWestland,AW139,A139,31202,H2T,,,,
3430ca,EC-KLV,AgustaWestland,AW139,A139,31205,H2T,,,,
34328d,EC-JUS,AgustaWestland,A.109E Power,A109,11675,H2T,,,,
343318,EC-KXA,AgustaWestland,AW139,A139,31219,H2T,,,,
343395,EC-KXO,AgustaWestland,A.109E Power,A109,11749,H2T,HSE,,,
343459,EC-LBM,AgustaWestland,AW139,A139,31226,H2T,,,,
343489,EC-LCH,AgustaWestland,AW139,A139,31257,H2T,,,,
34350d,EC-LEE,AgustaWestland,AW139,A139,31241,H2T,,,,
34354f,EC-LFP,AgustaWestland,AW139,A139,31296,H2T,,,,
343550,EC-LFQ,AgustaWestland,AW139,A139,31298,H2T,,,,
34360a,EC-LIS,AgustaWestland,AW139,A139,31268,H2T,,,,
343619,EC-LJA,AgustaWestland,AW139,A139,31318,H2T,,,,
344590,EC-LPK,AgustaWestland,AW119 Mk II,A119,14716,H1T,,,,
344591,EC-LZH,AgustaWestland,AW119,A119,14533,H1T,,,,
344594,EC-KEG,AgustaWestland,AW119,A119,14048,H1T,,,,
3445ca,EC-MBO,AgustaWestland,AW139,A139,41357,H2T,,,,
3445cb,EC-MBP,AgustaWestland,AW139,A139,41359,H2T,,,,
3450d0,EC-MHP,AgustaWestland,AW139,A139,31619,H2T,,,,
34524c,EC-MLH,AgustaWestland,A.109E Power,A109,11606,H2T,,,,
34528b,EC-MMK,AgustaWestland,A.109E Power,A109,11030,H2T,,,,
345542,EC-MRJ,AgustaWestland,AW139,A139,31746,H2T,,,,
392c84,F-GLEE,AgustaWestland,A.109E Power,A109,11603,H2T,,,,
392c85,F-GLEF,AgustaWestland,A.109E Power,A109,11027,H2T,,,,
392c87,F-GLEH,AgustaWestland,A.109E Power,A109,11037,H2T,,,,
392c90,F-GLEQ,AgustaWestland,A.109E Power,A109,11052,H2T,,,,
393cd1,F-GPGR,AgustaWestland,A.109E Power,A109,11222,H2T,,,,
393ce0,F-GPHA,AgustaWestland,A.109S Grand,A109,22073,H2T,,,,
393de4,F-GPPE,AgustaWestland,A.109A,A109,7173,H2T,,,,
393ea7,F-GPVH,AgustaWestland,A.109E Power,A109,11607,H2T,,,,
393eb1,F-GPVR,AgustaWestland,A.109E Power,A109,11071,H2T,,,,
395c65,F-GXDF,AgustaWestland,A.109E Power,A109,11015,H2T,,,,
396020,F-GYBA,AgustaWestland,A.109E Power,A109,11086,H2T,,,,
39a593,F-HJMT,AgustaWestland,A.109E Power,A109,11062,H2T,,,,
39ac0a,F-HLAK,AgustaWestland,AW139,A139,31269,H2T,,,,
39b042,F-HMCC,AgustaWestland,A.109S Grand,A109,22069,H2T,,,,
39b052,F-HMCS,AgustaWestland,A.109S Grand,A109,22005,H2T,,,,
39b1e1,F-HMPB,AgustaWestland,AW109SP,A109,22340,H2T,,,,
39b5e1,F-HNPB,AgustaWestland,A.109E Power,A109,11728,H2T,,,,
39b978,F-HOLY,AgustaWestland,AW109SP,A109,22242,H2T,,,,
39d027,F-HUBH,AgustaWestland,AW139,A139,41387,H2T,,,,
39d051,F-HUCR,AgustaWestland,AW139,A139,41400,H2T,HLU,,,
39d085,F-HUEF,AgustaWestland,AW139,A139,31701,H2T,HLU,,,
39d0c5,F-HUGF,AgustaWestland,AW139,A139,41388,H2T,,,,
39d12a,F-HUJK,AgustaWestland,AW139,A139,41401,H2T,HLU,,,
39d193,F-HUMT,AgustaWestland,AW139,A139,41505,H2T,,,,
39d2ef,F-HUXP,AgustaWestland,AW139,A139,41507,H2T,,,,
39d411,F-HVAR,AgustaWestland,A.109E Power,A109,11160,H2T,,,,
3dd2b9,D-HAAZ,AgustaWestland,A.109A,A109,7230,H2T,,,,
3dd2c6,D-HABM,AgustaWestland,A.109E Power,A109,11080,H2T,,,,
3dd2c8,D-HABO,AgustaWestland,A.109A,A109,7168,H2T,,,,
3dd3dd,D-HAMF,AgustaWestland,A.109A,A109,7217,H2T,,,,
3dd462,D-HARI,AgustaWestland,A.109E Power,A109,11708,H2T,,,,
3dd4cf,D-HAVN,AgustaWestland,A.109S Grand,A109,22039,H2T,,,,
3dd5d8,D-HBFS,AgustaWestland,AW109SP,A109,22261,H2T,,,,
3dd5fb,D-HBHB,AgustaWestland,A.109E Power,A109,11110,H2T,,,,
3dd63f,D-HBJR,AgustaWestland,A.109S Grand,A109,22059,H2T,,,,
3de122,D-HFMW,AgustaWestland,A.109A Mk II,A109,7307,H2T,,,,
3de57b,D-HHDR,AgustaWestland,A.109A Mk II,A109,7318,H2T,,,,
3de5a7,D-HHFJ,AgustaWestland,AW169,A169,69046,H2T,,,,
3de5c5,D-HHGN,AgustaWestland,AW109SP,A109,22303,H2T,,,,
3de5d9,D-HHHH,AgustaWestland,A.109S Grand,A109,22117,H2T,,,,
3de65b,D-HHMH,AgustaWestland,AW139,A139,31567,H2T,,,,
3de6f7,D-HHSH,AgustaWestland,AW139,A139,31587,H2T,,,,
3de713,D-HHTJ,AgustaWestland,AW169,A169,69033,H2T,,,,
3de779,D-HHXH,AgustaWestland,AW139,A139,31704,H2T,,,,
3defe2,D-HLCC,AgustaWestland,A.109A Mk II,A109,7387,H2T,,,,
3df3bf,D-HMOD,AgustaWestland,A.109A,A109,7139,H2T,,,,
3df799,D-HOAB,AgustaWestland,AW139,A139,31129,H2T,,,,
3df79a,D-HOAC,AgustaWestland,AW139,A139,31424,H2T,,,,
3df7c7,D-HOBV,AgustaWestland,A.109E Power,A109,11146,H2T,,,,
3e0338,D-HKSM,AgustaWestland,A.109S Grand,A109,22101,H2T,,,,
3e04dd,D-HTAR,AgustaWestland,A.109S Grand,A109,22065,H2T,,,,
400c62,G-BWNZ,AgustaWestland,A.109C,A109,7654,H2T,,2014-12-08,,1996-01-01
400d80,G-SCII,AgustaWestland,A.109C,A109,7628,H2T,,2012-01-20,,1990-01-01
400dab,G-GDSG,AgustaWestland,A.109E Power,A109,11656,H2T,,2011-02-24,,2005-01-01
400dd3,G-GBMM,AgustaWestland,A.109S Grand,A109,22009,H2T,,2015-09-02,,2005-01-01
400dfd,G-CDVB,AgustaWestland,A.109E Power,A109,11663,H2T,,2017-02-02,,2006-01-01
400dfe,G-CDVC,AgustaWestland,A.109E Power,A109,11664,H2T,,2016-04-12,,2006-01-01
400dff,G-CDVE,AgustaWestland,A.109E Power,A109,11665,H2T,WHE,2013-04-26,,2006-01-01
400e63,G-SKBL,AgustaWestland,A.109S Grand,A109,22011,H2T,,2014-06-20,,2006-01-01
400e76,G-CHCT,AgustaWestland,AB139,A139,31042,H2T,,2016-12-06,,2006-01-01
400f86,G-WOFM,AgustaWestland,A.109E Power,A109,11678,H2T,,2017-08-27,,2006-01-01
401023,G-MSVI,AgustaWestland,A.109S Grand,A109,22028,H2T,,2013-03-05,,2006-01-01
401278,G-WDCL,AgustaWestland,A.109E Power,A109,11710,H2T,,2014-06-18,,2007-01-01
401345,G-DEUP,AgustaWestland,A.109S Grand,A109,22058,H2T,,2017-01-06,,2007-01-01
401384,G-OPOT,AgustaWestland,A.109S Grand,A109,22027,H2T,,2017-09-07,,2006-01-01
402633,G-OCMM,AgustaWestland,A.109A Mk II,A109,7347,H2T,,2008-04-29,,1985-01-01
402a04,G-MDPI,AgustaWestland,A.109A Mk II,A109,7393,H2T,,2015-05-28,,1987-01-01
402b3a,G-JMON,AgustaWestland,A.109A Mk II,A109,7411,H2T,,2013-02-18,,1988-01-01
402bdf,G-RBCA,AgustaWestland,A.109A Mk II,A109,7412,H2T,,2014-06-16,,1988-01-01
402df5,G-TELY,AgustaWestland,A.109A Mk II,A109,7326,H2T,,1989-03-10,,1984-01-01
403343,G-VIPH,AgustaWestland,A.109C,A109,7643,H2T,,2003-04-24,,1991-01-01
403bbe,G-HBEK,AgustaWestland,A.109C,A109,7633,H2T,HWD,2008-07-01,,1996-01-01
403d82,G-ORLE,AgustaWestland,A.109A,A109,7163,H2T,,,,
403e09,G-HDTV,AgustaWestland,A.109A Mk II,A109,7266,H2T,,2004-09-16,,1983-01-01
4044b4,G-TGRA,AgustaWestland,A.109A,A109,7201,H2T,,2001-02-15,,1982-01-01
404562,G-WIZG,AgustaWestland,A.109E Power,A109,11123,H2T,,2017-01-12,,2001-01-01
4045fe,G-USTS,AgustaWestland,A.109A Mk II,A109,7275,H2T,,2015-07-28,,1982-01-01
4046b4,G-IVJM,AgustaWestland,A.109E Power,A109,11154,H2T,,2015-05-28,,2002-01-01
404708,G-TRNG,AgustaWestland,A.109E Power,A109,11156,H2T,,2017-01-27,,2002-01-01
404938,G-HPDM,AgustaWestland,A.109E Power,A109,11216,H2T,,2017-05-19,,2003-01-01
404c96,G-ERJR,AgustaWestland,A.109C,A109,7622,H2T,,2015-03-10,,1990-01-01
404fab,G-JBCB,AgustaWestland,A.109E Power,A109,11168,H2T,,2014-04-16,,2003-01-01
404fcd,G-STNS,AgustaWestland,A.109A Mk II,A109,7324,H2T,,2017-06-12,,1985-01-01
405034,G-ODDD,AgustaWestland,A.109A Mk II,A109,7289,H2T,,2015-02-06,,1985-01-01
405053,G-IWRB,AgustaWestland,A.109A Mk II,A109,7386,H2T,,2017-04-25,,1987-01-01
4053a4,G-CHCV,AgustaWestland,AW139,A139,41005,H2T,,2016-11-10,,2007-01-01
40547f,G-IFRH,AgustaWestland,A.109C,A109,7619,H2T,,2017-05-16,,1990-01-01
405504,G-CGIJ,AgustaWestland,AW139,A139,31203,H2T,,2008-02-27,,2007-01-01
405505,G-SARD,AgustaWestland,AW139,A139,31208,H2T,,2008-03-19,,2007-01-01
405506,G-CGWB,AgustaWestland,AW139,A139,31209,H2T,,2008-04-24,,2007-01-01
405676,G-UKAW,AgustaWestland,A.109E Power,A109,11003,H2T,,2007-12-21,,1996-01-01
405824,G-EMHC,AgustaWestland,A.109E Power,A109,11721,H2T,,2017-07-26,,2008-01-01
405e91,G-MEDX,AgustaWestland,A.109E Power,A109,11745,H2T,,2008-11-05,,2008-01-01
406020,G-FRZN,AgustaWestland,A.109S Grand,A109,22125,H2T,,2009-05-18,,2009-01-01
406037,G-IOOZ,AgustaWestland,A.109S Grand,A109,22090,H2T,,2015-11-20,,2008-01-01
40606e,G-IVIP,AgustaWestland,A.109E Power,A109,11208,H2T,,2013-09-03,,2003-01-01
4061a1,G-RXTV,AgustaWestland,A.109E Power,A109,11158,H2T,,2017-07-25,,2002-01-01
406206,G-RSCU,AgustaWestland,A.109E Power,A109,11777,H2T,,2009-12-02,,2009-01-01
406208,G-HEMZ,AgustaWestland,A.109S Grand,A109,22156,H2T,,2010-01-28,,2009-01-01
406225,G-DMPI,AgustaWestland,A.109E Power,A109,11011,H2T,,2015-07-21,,1998-01-01
406240,G-MCAN,AgustaWestland,A.109S Grand,A109,22021,H2T,,2010-02-10,,2006-01-01
40638a,G-PBWR,AgustaWestland,A.109S Grand,A109,22050,H2T,,2012-05-08,,2007-01-01
4063e5,G-SNSA,AgustaWestland,AW139,A139,31308,H2T,,2010-09-10,,2010-01-01
406421,ZR283,AgustaWestland,AW139,A139,31283,H2T,SHF,,,
4064a7,G-CHBY,AgustaWestland,AW139,A139,31310,H2T,BHL,2012-05-16,,2010-01-01
4064b2,G-POTR,AgustaWestland,A.109E Power,A109,11043,H2T,,2017-05-23,,1999-01-01
4065d5,G-ZIPE,AgustaWestland,A.109E Power,A109,11798,H2T,,2014-12-23,,2011-01-01
40661a,G-SGRP,AgustaWestland,AW109SP,A109,22236,H2T,,2017-01-20,,2011-01-01
40663d,G-SNSB,AgustaWestland,AW139,A139,31295,H2T,,2011-10-07,,2010-01-01
406703,G-PERD,AgustaWestland,AW139,A139,41270,H2T,,2013-05-31,,2012-01-01
406738,G-CHFD,AgustaWestland,AW109SP,A109,22262,H2T,,2012-03-30,,2012-01-01
406774,G-MAOL,AgustaWestland,AW109SP,A109,22271,H2T,,2015-12-04,,2012-01-01
406858,G-VINB,AgustaWestland,AW139,A139,31398,H2T,,2012-10-31,,2012-01-01
4068c8,G-CHNS,AgustaWestland,AW139,A139,31465,H2T,BHL,2013-01-16,,2012-01-01
40691a,G-DCOI,AgustaWestland,AW139,A139,31475,H2T,EXJ,2016-06-07,,2013-01-01
406938,G-VINC,AgustaWestland,AW139,A139,31478,H2T,,2013-04-05,,2013-01-01
406941,G-SNSH,AgustaWestland,AW139,A139,31474,H2T,,2016-12-13,,2013-01-01
406942,G-SNSI,AgustaWestland,AW139,A139,31479,H2T,,2016-12-13,,2013-01-01
406975,G-TAAS,AgustaWestland,AW109SP,A109,22305,H2T,,2013-07-04,,2013-01-01
406a74,G-OENA,AgustaWestland,AW189,A189,49007,H2T,BHL,2014-05-22,,2013-01-01
406a8c,G-DVIP,AgustaWestland,A.109E Power,A109,11217,H2T,,2013-11-12,,2003-01-01
406aa2,G-VINJ,AgustaWestland,AW139,A139,41355,H2T,,2013-12-13,,2013-01-01
406ab7,G-OENB,AgustaWestland,AW189,A189,49008,H2T,BHL,2014-04-17,,2013-01-01
406ac5,G-MUZZ,AgustaWestland,AW109SP,A109,22325,H2T,,2013-12-19,,2013-01-01
406bc6,G-XXEC,AgustaWestland,A.109S Grand,A109,22104,H2T,,2014-06-11,,2008-01-01
406c01,G-YRTE,AgustaWestland,A.109S Grand,A109,22133,H2T,,2014-08-06,,2009-01-01
406c17,G-IOOK,AgustaWestland,A.109E Power,A109,11692,H2T,,2015-02-05,,2007-01-01
406cc2,G-CIJW,AgustaWestland,AW139,A139,31571,H2T,BHL,2014-12-11,,2014-01-01
406cc3,G-CIJX,AgustaWestland,AW139,A139,31579,H2T,BHL,2014-12-02,,2014-01-01
406cd4,G-GIBI,AgustaWestland,A.109E Power,A109,11685,H2T,,2014-10-30,,2006-01-01
406ceb,G-HLSA,AgustaWestland,AW109SP,A109,22336,H2T,,2017-04-19,,2015-01-01
406d0c,G-CIKO,AgustaWestland,AW139,A139,41378,H2T,BHL,2014-11-26,,2014-01-01
406d10,G-SNSE,AgustaWestland,AW139,A139,31561,H2T,,2014-11-28,,2014-01-01
406d21,G-MCGM,AgustaWestland,AW189,A189,89001,H2T,BHL,2015-01-19,,2015-01-01
406d5f,G-CJNV,AgustaWestland,AW189,A189,92001,H2T,BHL,2016-11-07,,2015-01-01
406d81,G-CILN,AgustaWestland,AW139,A139,31586,H2T,BHL,2015-03-31,,2014-01-01
406d82,G-CILP,AgustaWestland,AW139,A139,31590,H2T,BHL,2015-03-31,,2014-01-01
406db2,G-HRDB,AgustaWestland,A.109S Grand,A109,22031,H2T,,2015-02-10,,2006-01-01
406de5,G-MCGO,AgustaWestland,AW189,A189,92002,H2T,BHL,2017-01-06,,2014-01-01
406de6,G-MCGP,AgustaWestland,AW189,A189,92003,H2T,BHL,2015-06-08,,2015-01-01
406de7,G-MCGR,AgustaWestland,AW189,A189,92004,H2T,BHL,2016-12-13,,2014-01-01
406de8,G-MCGS,AgustaWestland,AW189,A189,92005,H2T,BHL,2016-09-12,,2016-01-01
406de9,G-MCGT,AgustaWestland,AW189,A189,92006,H2T,BHL,2017-02-10,,2014-01-01
406dea,G-MCGU,AgustaWestland,AW189,A189,92007,H2T,,2017-03-28,,2014-01-01
406deb,G-MCGV,AgustaWestland,AW189,A189,92008,H2T,,2017-03-28,,2014-01-01
406e25,G-DCII,AgustaWestland,AW139,A139,31703,H2T,EXJ,2016-06-02,,2015-01-01
406e27,G-DIDO,AgustaWestland,A.109E Power,A109,11617,H2T,,2015-04-09,,2004-01-01
406e5a,G-IWFC,AgustaWestland,AW109SP,A109,22331,H2T,,2015-05-20,,2015-01-01
406ea1,G-CIPW,AgustaWestland,AW139,A139,41344,H2T,BHL,2015-08-18,,2013-01-01
406ea2,G-CIPX,AgustaWestland,AW139,A139,41346,H2T,BHL,2015-08-18,,2013-01-01
406ebf,G-SNSF,AgustaWestland,AW139,A139,31407,H2T,,2015-10-28,,2012-01-01
406f43,G-EMHE,AgustaWestland,A.109S Grand,A109,22182,H2T,CTK,2015-10-21,,2010-01-01
406f4e,G-SAAR,AgustaWestland,AW189,A189,89003,H2T,,2015-11-20,,2015-01-01
406f4f,G-FSAR,AgustaWestland,AW189,A189,89004,H2T,,2015-12-04,,2015-01-01
406f50,GZ100,AgustaWestland,AW109SP,A109,22347,H2T,SHF,,,
406f65,G-KSST,AgustaWestland,AW169,A169,69014,H2T,,2016-02-08,,2016-01-01
406f89,G-SNSG,AgustaWestland,AW139,A139,41210,H2T,,2016-11-10,,2009-01-01
406fa9,G-MOAL,AgustaWestland,AW109SP,A109,22348,H2T,,2015-12-02,,2015-01-01
40706e,G-LITO,AgustaWestland,A.109S Grand,A109,22015,H2T,,2016-04-27,,2006-01-01
40707d,G-SKBH,AgustaWestland,AW109SP,A109,22216,H2T,,2016-04-14,,2010-01-01
407081,G-PIFZ,AgustaWestland,AW109SP,A109,22355,H2T,,2016-04-15,,2016-01-01
40709d,G-LNAC,AgustaWestland,AW169,A169,69023,H2T,,2016-09-29,,2016-01-01
40711f,G-TXTV,AgustaWestland,A.109E Power,A109,11769,H2T,,2016-09-23,,2009-01-01
407133,G-KLNH,AgustaWestland,AW109SP,A109,22364,H2T,,2016-09-08,,2016-01-01
407139,G-VSKP,AgustaWestland,AW169,A169,69018,H2T,,2016-07-20,,2016-01-01
407152,G-DSAA,AgustaWestland,AW169,A169,69027,H2T,,2016-10-21,,2016-01-01
407154,G-MCSD,AgustaWestland,AW139,A139,41375,H2T,,2016-10-18,,2014-01-01
407155,G-MCSC,AgustaWestland,AW139,A139,41379,H2T,,2016-09-15,,2014-01-01
4071c6,G-HLCM,AgustaWestland,AW109SP,A109,22369,H2T,,2017-02-27,,2017-01-01
4071c9,G-CMCL,AgustaWestland,AW169,A169,69017,H2T,,2016-10-12,,2016-01-01
4071e3,G-CJLB,AgustaWestland,AW139,A139,41511,H2T,BHL,2016-10-25,,2016-01-01
4071eb,G-TCAA,AgustaWestland,AW169,A169,69038,H2T,,2017-08-30,,2016-01-01
4071ef,G-MLAP,AgustaWestland,AW169,A169,69020,H2T,SSP,2017-02-16,,2016-01-01
407214,G-SNSK,AgustaWestland,AW139,A139,41354,H2T,,2017-04-05,,2013-01-01
40721a,G-CJNI,AgustaWestland,AW139,A139,41374,H2T,BHL,2016-12-09,,2014-01-01
407281,G-EMHN,AgustaWestland,A.109S Grand,A109,22154,H2T,CTK,2017-07-26,,2010-01-01
40729a,G-SNSJ,AgustaWestland,AW139,A139,41268,H2T,,2017-04-05,,2012-01-01
4072da,G-HHEM,AgustaWestland,AW169,A169,69049,H2T,,2017-06-22,,2017-01-01
407332,G-FRRN,AgustaWestland,AW109SP,A109,22371,H2T,,2017-05-31,,2017-01-01
40733f,G-CKCX,AgustaWestland,AW169,A169,69048,H2T,,2017-05-02,,2017-01-01
407386,G-PICU,AgustaWestland,AW169,A169,69055,H2T,,2017-08-30,,2017-01-01
407389,G-GETU,AgustaWestland,AW169,A169,69053,H2T,,2017-06-30,,2017-01-01
40738d,G-OENC,AgustaWestland,AW189,A189,89002,H2T,BHL,2017-08-03,,2017-01-01
4073a9,G-CKIH,AgustaWestland,A.109S Grand,A109,22047,H2T,,2017-06-28,,2007-01-01
4073c6,G-CKJR,AgustaWestland,AW169,A169,69052,H2T,,2017-07-12,,2017-01-01
40743e,G-CSMD,AgustaWestland,A.109A,A109,7107,H2T,,2017-09-22,,1975-01-01
4074f0,G-FDHS,AgustaWestland,AW109SP,A109,22378,H2T,,,,
40755a,G-SASX,AgustaWestland,AW169,A169,69064,H2T,,2018-04-03,,
4078d9,G-NHVP,AgustaWestland,AW139,A139,41513,H2T,NHX,,,
4078f7,G-NHVN,AgustaWestland,AW139,A139,31700,H2T,NHZ,,,
424b6c,M-LEOG,AgustaWestland,AW109SP,A109,22412,H2T,,,,
43c200,ZE416,AgustaWestland,A.109E Power,A109,11173,H2T,,,,
43e727,M-IDAS,AgustaWestland,A.109E Power,A109,11112,H2T,,,,
43e7e5,M-OGUL,AgustaWestland,A.109S Grand,A109,22026,H2T,,,,
43ea0e,M-OLJM,AgustaWestland,AW139,A139,41008,H2T,,,,
43ea0f,M-FLSN,AgustaWestland,AW139,A139,31392,H2T,,,,
43ea7c,M-SHRM,AgustaWestland,AW139,A139,31716,H2T,,,,
43eadb,M-AJOR,AgustaWestland,AW139,A139,31771,H2T,,,,
43eb29,2-LIFT,AgustaWestland,A.109A,A109,7308,H2T,,,,
43eb58,2-HELO,AgustaWestland,A.109C,A109,7630,H2T,,,,
4405e8,OE-XCS,AgustaWestland,AW109SP,A109,22253,H2T,,,,
4405f4,OE-XSE,AgustaWestland,AW109SP,A109,22254,H2T,,,,
4407f0,OE-XAI,AgustaWestland,AW139,A139,41371,H2T,,,,
440964,OE-XGD,AgustaWestland,AW139,A139,31755,H2T,,,,
44ba6e,OO-NSN,AgustaWestland,AW139,A139,31700,H2T,,,,
44f634,H-20,AgustaWestland,A.109BA,A109,0320,H2T,,,,
44f635,H-21,AgustaWestland,A.109BA,A109,0321,H2T,,,,
44f636,H-22,AgustaWestland,A.109BA,A109,0322,H2T,,,,
44f637,H-23,AgustaWestland,A.109BA,A109,0323,H2T,,,,
44f638,H-24,AgustaWestland,A.109BA,A109,0324,H2T,,,,
44f640,H-26,AgustaWestland,A.109BA,A109,0326,H2T,,,,
44f641,H-27,AgustaWestland,A.109BA,A109,0327,H2T,,,,
44f642,H-28,AgustaWestland,A.109BA,A109,0328,H2T,,,,
44f643,H-29,AgustaWestland,A.109BA,A109,0329,H2T,,,,
44f644,H-30,AgustaWestland,A.109BA,A109,0330,H2T,,,,
44f645,H-31,AgustaWestland,A.109BA,A109,0331,H2T,,,,
44f647,H-33,AgustaWestland,A.109BA,A109,0333,H2T,,,,
44f649,H-35,AgustaWestland,A.109BA,A109,0335,H2T,,,,
44f64a,H-36,AgustaWestland,A.109BA,A109,0336,H2T,,,,
44f64c,H-38,AgustaWestland,A.109BA,A109,0338,H2T,,,,
44f64d,H-39,AgustaWestland,A.109BA,A109,0339,H2T,,,,
44f650,H-42,AgustaWestland,A.109BA,A109,0342,H2T,,,,
44f652,H-44,AgustaWestland,A.109BA,A109,0344,H2T,,,,
44f653,H-45,AgustaWestland,A.109BA,A109,0345,H2T,,,,
44f654,H-46,AgustaWestland,A.109BA,A109,0300,H2T,,,,
451ccb,LZ-CEA,AgustaWestland,A.109K2,A109,10002,H2T,HLR,,,
45a128,OY-HIH,AgustaWestland,AW139,A139,31718,H2T,FLI,,,
45a12c,OY-HIL,AgustaWestland,AW139,A139,31722,H2T,FLI,,,
45a14c,OY-HJL,AgustaWestland,AW139,A139,31245,H2T,,,,
45a18d,OY-HLM,AgustaWestland,AW189,A189,49014,H2T,,,,
45a1b0,OY-HMP,AgustaWestland,AW189,A189,49013,H2T,,,,
45a2c2,OY-HVB,AgustaWestland,AW139,A139,31480,H2T,,,,
45a2f0,OY-HWP,AgustaWestland,AW139,A139,31709,H2T,,,,
4612c1,OH-HCR,AgustaWestland,AW139,A139,31142,H2T,AAQ,,,
4614a9,OH-HVL,AgustaWestland,AW119 Mk II,A119,14733,H1T,,,,
4614aa,OH-HVM,AgustaWestland,AW119 Mk II,A119,14758,H1T,,,,
4614ab,OH-HVN,AgustaWestland,AW119 Mk II,A119,14759,H1T,,,,
4614ac,OH-HVO,AgustaWestland,AW119 Mk II,A119,14766,H1T,,,,
46a066,SX-HCF,AgustaWestland,A.109A,A109,7207,H2T,,,,
46a081,SX-HDA,AgustaWestland,A.109A Mk II,A109,7422,H2T,,,,
46a082,SX-HDB,AgustaWestland,A.109A Mk II,A109,7423,H2T,,,,
46a084,SX-HDD,AgustaWestland,A.109A Mk II,A109,7431,H2T,,,,
46a091,11059,AgustaWestland,A.109E Power,A109,11059,H2T,,,,
46a176,SX-HKV,AgustaWestland,A.109E Power,A109,11165,H2T,,,,
46a179,SX-HKY,AgustaWestland,A.109K2,A109,10034,H2T,,,,
46a1b9,SX-HMY,AgustaWestland,A.109K2,A109,10020,H2T,,,,
46a26b,SX-HSK,AgustaWestland,A.109C,A109,7627,H2T,,,,
46a28f,SX-HTO,AgustaWestland,A.109C,A109,7671,H2T,,,,
476201,HA-PMK,AgustaWestland,AW119,A119,14029,H1T,,,,
47804c,LN-OLF,AgustaWestland,AW139,A139,31148,H2T,LTR,,,
4783dc,LN-OLH,AgustaWestland,A.109E Power,A109,11135,H2T,,,,
4783dd,LN-OLI,AgustaWestland,A.109E Power,A109,11204,H2T,,,,
47842e,LN-OLV,AgustaWestland,AB139,A139,31023,H2T,LTR,,,
478520,LN-OLO,AgustaWestland,AW139,A139,31139,H2T,LTR,,,
478521,LN-OLS,AgustaWestland,AW139,A139,31136,H2T,LTR,,,
478522,LN-OLU,AgustaWestland,AW139,A139,31135,H2T,LTR,,,
479cd9,LN-ODJ,AgustaWestland,AW189,A189,49029,H2T,,,,
47a5ff,LN-OXJ,AgustaWestland,AW169,A169,69035,H2T,,,,
47a6bc,LN-OXI,AgustaWestland,AW169,A169,69030,H2T,,,,
484456,D-HHOA,AgustaWestland,AB139,A139,31030,H2T,WHS,,,
48447d,PH-IEH,AgustaWestland,AB139,A139,31046,H2T,,,,
4845c0,PH-SHP,AgustaWestland,AW139,A139,31099,H2T,,,,
484ac0,PH-PXZ,AgustaWestland,AW139,A139,31250,H2T,,,,
484ac1,PH-PXY,AgustaWestland,AW139,A139,31267,H2T,,,,
484f76,PH-EUE,AgustaWestland,AW139,A139,31387,H2T,,,,
484f91,PH-EUF,AgustaWestland,AW139,A139,31406,H2T,,,,
484fd6,PH-FBH,AgustaWestland,AW139,A139,31223,H2T,,,,
484fd7,PH-DCG,AgustaWestland,AW139,A139,31231,H2T,,,,
48507c,PH-EUJ,AgustaWestland,AW139,A139,31511,H2T,HNL,,,
48507d,PH-EUH,AgustaWestland,AW139,A139,31431,H2T,HNL,,,
485cfd,PH-EUK,AgustaWestland,AW139,A139,31474,H2T,HNL,,,
488216,SP-ARX,AgustaWestland,AW109SP,A109,22356,H2T,,,,
488294,SP-AWW,AgustaWestland,AW109SP,A109,22290,H2T,,,,
4920b2,CS-HER,AgustaWestland,A.109E Power,A109,11083,H2T,,,,
4920e8,CS-HGH,AgustaWestland,AW139,A139,31115,H2T,HPL,,,
4920f1,CS-HGQ,AgustaWestland,AW139,A139,31057,H2T,HPL,,,
4920f5,CS-HGU,AgustaWestland,AW139,A139,31143,H2T,HPL,,,
492105,CS-HHE,AgustaWestland,A.109E Power,A109,11625,H2T,,,,
492107,CS-HHG,AgustaWestland,A.109E Power,A109,11759,H2T,,,,
492108,CS-HHH,AgustaWestland,A.109E Power,A109,11729,H2T,,,,
492110,CS-HHP,AgustaWestland,AW109SP,A109,22214,H2T,,,,
49212b,CS-HIK,AgustaWestland,A.109E Power,A109,11713,H2T,,,,
49b423,OK-MAC,AgustaWestland,AW119 Mk II,A119,14788,H1T,,,,
49d338,OK-EJG,AgustaWestland,A.109S Grand,A109,22079,H2T,,,,
4a5121,YR-TIA,AgustaWestland,AW139,A139,31122,H2T,TIH,,,
4a5125,YR-TIE,AgustaWestland,A.109E Power,A109,11668,H2T,TIH,,,
4a512d,YR-TIM,AgustaWestland,A.109S Grand,A109,22168,H2T,TIH,,,
4aa882,SE-JDB,AgustaWestland,A.109A Mk II,A109,7287,H2T,,,,
4aaa41,SE-JRA,AgustaWestland,AW169,A169,69044,H2T,,,,
4aaa48,SE-JRH,AgustaWestland,AW139,A139,31499,H2T,,,,
4aaa49,SE-JRI,AgustaWestland,AW139,A139,31507,H2T,,,,
4aaa4a,SE-JRJ,AgustaWestland,AW139,A139,31524,H2T,,,,
4aaa4b,SE-JRK,AgustaWestland,AW139,A139,31542,H2T,,,,
4aaa4c,SE-JRL,AgustaWestland,AW139,A139,31558,H2T,,,,
4aaa4d,SE-JRM,AgustaWestland,AW139,A139,31597,H2T,,,,
4aaa4e,SE-JRN,AgustaWestland,AW139,A139,31598,H2T,,,,
4aaa81,SE-JTA,AgustaWestland,A.109S Grand,A109,22114,H2T,,,,
4b3e60,HB-XQE,AgustaWestland,A.109E Power,A109,11016,H2T,,1998-05-11,,1998-01-01
4b3efa,HB-XWC,AgustaWestland,A.109K2,A109,10003,H2T,,1993-01-04,,1992-01-01
4b4247,HB-ZCP,AgustaWestland,A.109E Power,A109,11075,H2T,,2000-05-18,,2000-01-01
4b4248,HB-ZCQ,AgustaWestland,A.109E Power,A109,11093,H2T,,2000-10-09,,2000-01-01
4b42a2,HB-ZGC,AgustaWestland,AB139,A139,31010,H2T,,2004-12-27,,2004-01-01
4b42a3,HB-ZGD,AgustaWestland,AB139,A139,31014,H2T,,2005-04-04,,2005-01-01
4b42a4,HB-ZGE,AgustaWestland,AB139,A139,31015,H2T,,2005-04-04,,2005-01-01
4b42a5,HB-ZGF,AgustaWestland,AB139,A139,31018,H2T,,2005-04-26,,2005-01-01
4b42c0,HB-ZHG,AgustaWestland,A.109A,A109,7213,H2T,,2006-05-29,,1981-01-01
4b4302,HB-ZJU,AgustaWestland,A.109S Grand,A109,22080,H2T,,2008-07-14,,2008-01-01
4b4316,HB-ZKO,AgustaWestland,AW119,A119,14007,H1T,,2007-02-27,,2000-01-01
4b433b,HB-ZLZ,AgustaWestland,A.109E Power,A109,11106,H2T,,2009-01-23,,2001-01-01
4b4355,HB-ZMZ,AgustaWestland,A.109E Power,A109,11033,H2T,,,,
4b4360,HB-ZNK,AgustaWestland,AW109SP,A109,22372,H2T,,2017-05-11,,2017-01-01
4b43a1,HB-ZPX,AgustaWestland,AW109SP,A109,22230,H2T,HEB,2011-06-08,,2011-01-01
4b43ae,HB-ZQK,AgustaWestland,AW139,A139,31711,H2T,,2015-12-15,,2015-01-01
4b43cb,HB-ZRN,AgustaWestland,AW109SP,A109,22363,H2T,,2016-12-01,,2016-01-01
4b43cd,HB-ZRP,AgustaWestland,AW109SP,A109,22213,H2T,,2012-02-07,,2011-01-01
4b43ce,HB-ZRQ,AgustaWestland,AW109SP,A109,22212,H2T,,2010-08-06,,2009-01-01
4b43cf,HB-ZRR,AgustaWestland,AW109SP,A109,22211,H2T,,2010-03-12,,2009-01-01
4b43d0,HB-ZRS,AgustaWestland,AW109SP,A109,22202,H2T,,2010-05-07,,2009-01-01
4b43d1,HB-ZRT,AgustaWestland,AW109SP,A109,22210,H2T,,2010-03-12,,2009-01-01
4b43d2,HB-ZRU,AgustaWestland,AW109SP,A109,22209,H2T,,2010-01-15,,2009-01-01
4b43d4,HB-ZRW,AgustaWestland,AW109SP,A109,22207,H2T,,2009-09-14,,2009-01-01
4b43d5,HB-ZRX,AgustaWestland,AW109SP,A109,22206,H2T,,2009-07-30,,2009-01-01
4b43d6,HB-ZRY,AgustaWestland,AW109SP,A109,22205,H2T,,2009-06-29,,2009-01-01
4b43d7,HB-ZRZ,AgustaWestland,AW109SP,A109,22204,H2T,,2009-06-10,,2009-01-01
4b43e0,HB-ZSI,AgustaWestland,AW109SP,A109,22272,H2T,,2012-10-26,,2012-01-01
4b43e4,HB-ZSM,AgustaWestland,A.109S Grand,A109,22129,H2T,,2009-05-28,,2009-01-01
4b43f3,HB-ZTB,AgustaWestland,AW109SP,A109,22233,H2T,,2011-06-20,,2011-01-01
4b442c,HB-ZVG,AgustaWestland,A.109E Power,A109,11780,H2T,,,,
4b442f,HB-ZVJ,AgustaWestland,AW109SP,A109,22292,H2T,,,,
4ba034,TC-HAT,AgustaWestland,A.109A,A109,7191,H2T,,,,
4ba04f,TC-HBO,AgustaWestland,A.109A,A109,7414,H2T,,,,
4ba123,TC-HIC,AgustaWestland,A.109S Grand,A109,22108,H2T,,,,
4ba14d,TC-HJM,AgustaWestland,A.109E Power,A109,11770,H2T,KCU,,,
4ba14f,TC-HJO,AgustaWestland,A.109E Power,A109,11774,H2T,KCU,,,
4ba150,TC-HJP,AgustaWestland,A.109E Power,A109,11775,H2T,KCU,,,
4ba152,TC-HJR,AgustaWestland,A.109E Power,A109,11776,H2T,KCU,,,
4ba155,TC-HJU,AgustaWestland,A.109E Power,A109,11784,H2T,KCU,,,
4ba164,TC-HKD,AgustaWestland,AW119,A119,14049,H1T,,,,
4ba165,TC-HKE,AgustaWestland,AW119 Mk II,A119,14707,H1T,,,,
4ba167,TC-HKG,AgustaWestland,AW109SP,A109,22278,H2T,,,,
4ba16b,TC-HKK,AgustaWestland,AW109SP,A109,22299,H2T,,,,
4ba170,TC-HKP,AgustaWestland,AW119 Mk II,A119,14735,H1T,,,,
4ba175,TC-HKU,AgustaWestland,AW139,A139,41016,H2T,,,,
4ba176,TC-HKV,AgustaWestland,AW119 Mk II,A119,14748,H1T,,,,
4ba17a,TC-HKZ,AgustaWestland,AW119 Mk II,A119,14732,H1T,,,,
4ba1ac,TC-HML,AgustaWestland,A.109E Power,A109,11657,H2T,,,,
4ba1b2,TC-HMR,AgustaWestland,AW139,A139,31239,H2T,,,,
4ba20c,TC-HPL,AgustaWestland,AW109SP,A109,22266,H2T,,,,
4ba276,TC-HSV,AgustaWestland,AW139,A139,31708,H2T,,,,
4ba2cb,TC-HVK,AgustaWestland,AW139,A139,31466,H2T,,,,
4ba321,TC-HYA,AgustaWestland,A.109S Grand,A109,22061,H2T,,,,
4ba328,TC-HYH,AgustaWestland,AW139,A139,31123,H2T,,,,
4ca31e,274,AgustaWestland,AB139,A139,31048,H2T,IRL,,,
4ca330,275,AgustaWestland,AW139,A139,31059,H2T,IRL,,,
4ca331,276,AgustaWestland,AW139,A139,31076,H2T,IRL,,,
4ca332,277,AgustaWestland,AW139,A139,31078,H2T,IRL,,,
4ca335,278,AgustaWestland,AW139,A139,31137,H2T,IRL,,,
4ca336,279,AgustaWestland,AW139,A139,31145,H2T,IRL,,,
4ca52c,EI-IAL,AgustaWestland,AW109SP,A109,22343,H2T,,2015-08-28,,2015-01-01
4ca781,EI-LID,AgustaWestland,AW169,A169,69015,H2T,,2016-12-21,,2016-01-01
4d20c3,AS1428,AgustaWestland,AW139,A139,31560,H2T,,,,
4d20de,AS1429,AgustaWestland,AW139,A139,31595,H2T,,,,
4d2117,AS1630,AgustaWestland,AW139,A139,31625,H2T,,,,
4d4032,3A-MDF,AgustaWestland,AW109SP,A109,22215,H2T,,,,
500057,T7-LSS,AgustaWestland,AW139,A139,41265,H2T,,,,
501e36,9A-HRP,AgustaWestland,AW139,A139,31715,H2T,,,,
502c4e,YL-HMK,AgustaWestland,A.109E Power,A109,11700,H2T,,,,
502caf,YL-HSS,AgustaWestland,AW109SP,A109,22332,H2T,GMG,,,
505c2d,OM-ATA,AgustaWestland,A.109K2,A109,10015,H2T,,,,
505c34,OM-ATL,AgustaWestland,A.109K2,A109,10008,H2T,,,,
505e84,OM-ATD,AgustaWestland,A.109K2,A109,10001,H2T,,,,
505e85,OM-ATE,AgustaWestland,A.109K2,A109,10012,H2T,,,,
505e86,OM-ATF,AgustaWestland,A.109K2,A109,10021,H2T,,,,
505e87,OM-ATG,AgustaWestland,A.109K2,A109,10023,H2T,,,,
505e8b,OM-ATK,AgustaWestland,A.109K2,A109,10013,H2T,,,,
508126,UR-KVZ,AgustaWestland,A.109E Power,A109,11653,H2T,,,,
508134,UR-TSA,AgustaWestland,A.109E Power,A109,11669,H2T,,,,
50825d,UR-GDF,AgustaWestland,AW109SP,A109,22237,H2T,,,,
50827a,UR-DFA,AgustaWestland,AW139,A139,31378,H2T,,,,
5082b8,UR-CNW,AgustaWestland,AW139,A139,41318,H2T,,,,
50ff12,UR-SSNB,AgustaWestland,A.109C,A109,7634,H2T,,,,
50ff26,UR-CNH,AgustaWestland,AW139,A139,41255,H2T,,,,
51104c,ES-PWB,AgustaWestland,AW139,A139,31144,H2T,,,,
511055,ES-PWA,AgustaWestland,AW139,A139,31069,H2T,,,,
51108d,ES-PWC,AgustaWestland,AW139,A139,31333,H2T,,,,
600873,4K-AZ115,AgustaWestland,AW139,A139,31482,H2T,,,,
600879,4K-AZ121,AgustaWestland,AW139,A139,31495,H2T,,,,
60087d,4K-AZ125,AgustaWestland,AW139,A139,31506,H2T,,,,
60087f,4K-AZ127,AgustaWestland,AW139,A139,31510,H2T,,,,
70c059,A4O-CN,AgustaWestland,A.109E Power,A109,11649,H2T,,,,
70c098,A4O-CA,AgustaWestland,AW139,A139,31091,H2T,,,,
70c099,A4O-CB,AgustaWestland,AW139,A139,31096,H2T,,,,
70c09c,A4O-CD,AgustaWestland,AW139,A139,31120,H2T,,,,
70c0a0,A4O-CF,AgustaWestland,AW139,A139,31130,H2T,,,,
70c0bd,A4O-CJ,AgustaWestland,AW139,A139,31417,H2T,,,,
70c0be,A4O-CL,AgustaWestland,AW139,A139,31443,H2T,,,,
710196,HZ-MS51,AgustaWestland,AW139,A139,31519,H2T,,,,
710197,HZ-MS52,AgustaWestland,AW139,A139,31529,H2T,,,,
71ca77,HL9277,AgustaWestland,AW139,A139,41286,H2T,,,,
71cc76,HL9476,AgustaWestland,AW139,A139,31154,H2T,,,,
71cc82,HL9482,AgustaWestland,AW139,A139,31260,H2T,,,,
71cc85,HL9485,AgustaWestland,AW139,A139,31254,H2T,,,,
71cc87,HL9487,AgustaWestland,AW139,A139,31294,H2T,,,,
71ce09,HL9609,AgustaWestland,AW139,A139,31569,H2T,,,,
71ce10,HL9610,AgustaWestland,AW139,A139,31575,H2T,,,,
71ce11,HL9611,AgustaWestland,AW139,A139,41404,H2T,,,,
71ce15,HL9615,AgustaWestland,AW109SP,A109,22352,H2T,,,,
71ce24,HL9624,AgustaWestland,AW109SP,A109,22354,H2T,,,,
71ce25,HL9625,AgustaWestland,AW109SP,A109,22357,H2T,,,,
71ce26,HL9626,AgustaWestland,AW139,A139,41527,H2T,,,,
71ce27,HL9627,AgustaWestland,AW169,A169,69032,H2T,,,,
71ce28,HL9628,AgustaWestland,AW169,A169,69041,H2T,,,,
71ce31,HL9631,AgustaWestland,AW169,A169,69051,H2T,,,,
71dd17,B517,AgustaWestland,AW139,A139,31265,H2T,,,,
735242,EP-TRB,AgustaWestland,A.109E Power,A109,11007,H2T,,,,
73524b,EP-TRK,AgustaWestland,A.109E Power,A109,11023,H2T,,,,
744a61,JY-RSA,AgustaWestland,AW139,A139,31375,H2T,,,,
744a62,EMS-1,AgustaWestland,AW139,A139,41214,H2T,,,,
744a63,EMS-2,AgustaWestland,AW139,A139,41218,H2T,,,,
75023b,M72-01,AgustaWestland,AW139,A139,31307,H2T,,,,
75024d,9M-WAE,AgustaWestland,AW139,A139,31340,H2T,,,,
75029b,9M-WAO,AgustaWestland,AW139,A139,31419,H2T,,,,
7502d2,9M-WAP,AgustaWestland,AW139,A139,31461,H2T,,,,
7503b4,9M-WAS,AgustaWestland,AW139,A139,31441,H2T,,,,
7503fe,9M-PMB,AgustaWestland,AW139,A139,31726,H2T,,,,
7503ff,9M-PMC,AgustaWestland,AW139,A139,31731,H2T,,,,
758082,RP-C2868,AgustaWestland,A.109S Grand,A109,22029,H2T,,,,
75831a,RP-C2139,AgustaWestland,AW139,A139,41322,H2T,,,,
763648,AP-MRH,AgustaWestland,A.109E Power,A109,11796,H2T,,,,
780042,B-7783,AgustaWestland,AW139,A139,31133,H2T,,,,
780cc7,B-7786,AgustaWestland,AW109SP,A109,22326,H2T,,,,
78106e,B-70KK,AgustaWestland,AW119 Kx,A119,14909,H1T,,,,
7c0309,VH-AVV,AgustaWestland,A.109C,A109,7606,H2T,,,,1989-01-01
7c0775,VH-BRB,AgustaWestland,AW109SP,A109,22317,H2T,,,,2013-01-01
7c0db7,VH-CZT,AgustaWestland,AW109SP,A109,22392,H2T,,,,2018-01-01
7c11bc,VH-DSE,AgustaWestland,A.109E Power,A109,11207,H2T,,,,2003-01-01
7c1522,VH-EGK,AgustaWestland,AW139,A139,31827,H2T,,,,2018-01-01
7c1618,VH-ENE,AgustaWestland,A.109S Grand,A109,22127,H2T,,,,2009-01-01
7c16cf,VH-ESH,AgustaWestland,AW139,A139,31083,H2T,,,,2007-01-01
7c16e1,VH-ESZ,AgustaWestland,AW139,A139,31125,H2T,,,,2008-01-01
7c177c,VH-EXA,AgustaWestland,AW139,A139,31719,H2T,,2016-06-08,,2016-01-01
7c1783,VH-EXH,AgustaWestland,AW139,A139,31720,H2T,,,,2016-01-01
7c1784,VH-EXI,AgustaWestland,AW139,A139,31742,H2T,,,,2016-01-01
7c1785,VH-EXJ,AgustaWestland,AW139,A139,31748,H2T,,,,2016-01-01
7c17cd,VH-EZJ,AgustaWestland,AW139,A139,41007,H2T,,,,2008-01-01
7c1b50,VH-FOI,AgustaWestland,AW119,A119,14523,H1T,,,,2007-01-01
7c1b5f,VH-FOX,AgustaWestland,AW169,A169,69034,H2T,,,,2017-01-01
7c34a3,VH-KOL,AgustaWestland,AW119,A119,14532,H1T,,,,2007-01-01
7c3627,VH-KZD,AgustaWestland,A.109E Power,A109,11153,H2T,,,,2002-01-01
7c38c0,VH-LHU,AgustaWestland,A.109S Grand,A109,22081,H2T,,,,
7c44a0,VH-NUA,AgustaWestland,AW139,A139,NC 31744,H2T,,,,2016-01-01
7c44a1,VH-NUB,AgustaWestland,AW139,A139,NC 31745,H2T,,,,2016-01-01
7c44c8,VH-NVE,AgustaWestland,AW139,A139,31610,H2T,,,,2015-01-01
7c4564,VH-NZQ,AgustaWestland,AW109SP,A109,22301,H2T,,,,2013-01-01
7c4568,VH-NZU,AgustaWestland,AW109SP,A109,22281,H2T,,,,2012-01-01
7c456a,VH-NZW,AgustaWestland,AW109SP,A109,22302,H2T,,,,2013-01-01
7c4f1c,VH-PWU,AgustaWestland,AW139,A139,31485,H2T,,,,
7c4f20,VH-PWY,AgustaWestland,AW139,A139,31498,H2T,,,,
7c4f30,VH-PXE,AgustaWestland,AW139,A139,41311,H2T,,,,
7c4f31,VH-PXF,AgustaWestland,AW139,A139,31444,H2T,,,,
7c4f5e,VH-PYO,AgustaWestland,AW119 Mk II,A119,14775,H1T,,,,
7c5311,VH-QOZ,AgustaWestland,AW139,A139,41501,H2T,,,,
7c58e0,VH-RUA,AgustaWestland,A.109E Power,A109,11129,H2T,,,,
7c5e89,VH-SYJ,AgustaWestland,AW139,A139,31114,H2T,,,,
7c5e95,VH-SYV,AgustaWestland,AW139,A139,31126,H2T,HEM,2017-12-04,,2008-01-01
7c5e99,VH-SYZ,AgustaWestland,AW139,A139,31155,H2T,,,,
7c6178,VH-TJE,AgustaWestland,AW139,A139,31741,H2T,,2016-10-05,,2016-01-01
7c6179,VH-TJF,AgustaWestland,AW139,A139,31710,H2T,,,,
7c617a,VH-TJG,AgustaWestland,AW139,A139,31743,H2T,,,,
7c617b,VH-TJH,AgustaWestland,AW139,A139,31721,H2T,,,,
7c617c,VH-TJI,AgustaWestland,AW139,A139,31747,H2T,,,,
7c617d,VH-TJJ,AgustaWestland,AW139,A139,31723,H2T,,,,
7c617e,VH-TJK,AgustaWestland,AW139,A139,31729,H2T,,,,
7c6182,VH-TJO,AgustaWestland,AW139,A139,31740,H2T,,,,
7c625c,VH-TPQ,AgustaWestland,A.109E Power,A109,11610,H2T,,,,
7c62aa,VH-TRW,AgustaWestland,A.109E Power,A109,11609,H2T,,,,
7c6ff9,VH-WEJ,AgustaWestland,AW139,A139,31319,H2T,,,,
7c6ffa,VH-WEK,AgustaWestland,AW139,A139,31320,H2T,,,,
7c7000,VH-WEQ,AgustaWestland,AW189,A189,49022,H2T,,,,
7c70bc,VH-WJY,AgustaWestland,AW119 Mk II,A119,14825,H1T,,,,
7c715c,VH-WOE,AgustaWestland,AW139,A139,41319,H2T,,,,
7c7597,VH-XIH,AgustaWestland,AW139,A139,41403,H2T,,,,
7c7599,VH-XIJ,AgustaWestland,AW139,A139,41405,H2T,,,,
7c759b,VH-XIL,AgustaWestland,AW139,A139,41411,H2T,,,,
7c75a1,VH-XIR,AgustaWestland,AW139,A139,31783,H2T,,,,
7c7655,VH-XNR,AgustaWestland,AW109SP,A109,22295,H2T,,,,
7c768d,VH-XPB,AgustaWestland,A.109S Grand,A109,22025,H2T,,,,
7c774c,VH-XUM,AgustaWestland,A.109E Power,A109,11684,H2T,,,,
7c7a81,VH-YHF,AgustaWestland,AW139,A139,31108,H2T,,,,
7c7cc1,VH-YXF,AgustaWestland,AW139,A139,31591,H2T,,,,
7c7cc2,VH-YXG,AgustaWestland,AW139,A139,31606,H2T,,,,
7c7cc3,VH-YXH,AgustaWestland,AW139,A139,31607,H2T,,,,
7c7cc4,VH-YXI,AgustaWestland,AW139,A139,31618,H2T,,,,
7c7cc5,VH-YXJ,AgustaWestland,AW139,A139,31620,H2T,,,,
7c7cc6,VH-YXK,AgustaWestland,AW139,A139,31624,H2T,,,,
7c7edd,VH-ZCF,AgustaWestland,A.109E Power,A109,11122,H2T,,,,
7c7f50,VH-ZFM,AgustaWestland,AW139,A139,41233,H2T,,,,
7c7f51,VH-ZFN,AgustaWestland,AW139,A139,41228,H2T,,,,
7c7f52,VH-ZFO,AgustaWestland,AW139,A139,41339,H2T,,,,
7c7f53,VH-ZFP,AgustaWestland,AW139,A139,41370,H2T,,,,
7c7f59,VH-ZFV,AgustaWestland,AW139,A139,41389,H2T,,,,
7c7f93,VH-ZHH,AgustaWestland,AW139,A139,31583,H2T,,,,
7c808f,VH-ZOH,AgustaWestland,A.109S Grand,A109,22152,H2T,,,,
7c81cc,VH-ZXA,AgustaWestland,AW139,A139,31727,H2T,,,,
7c81cd,VH-ZXB,AgustaWestland,AW139,A139,31733,H2T,,,,
7c81ce,VH-ZXC,AgustaWestland,AW139,A139,31737,H2T,,,,
7c81cf,VH-ZXD,AgustaWestland,AW139,A139,31738,H2T,,,,
80039c,VT-JPA,AgustaWestland,A.109E Power,A109,11670,H2T,,,,
80049d,VT-JIT,AgustaWestland,A.109E Power,A109,11711,H2T,,,,
800580,VT-HLC,AgustaWestland,AW139,A139,31106,H2T,,,,
80060d,VT-HLD,AgustaWestland,AW139,A139,31281,H2T,,,,
800653,VT-GVI,AgustaWestland,AW139,A139,41015,H2T,,,,
80070c,VT-VCA,AgustaWestland,AW109SP,A109,22239,H2T,,,,
800b07,VT-HLH,AgustaWestland,AW139,A139,41365,H2T,,,,
84005f,JA002T,AgustaWestland,A.109E Power,A109,11772,H2T,,,,
840585,JA01GP,AgustaWestland,A.109E Power,A109,11715,H2T,,,,
8405c6,JA01KG,AgustaWestland,AW109SP,A109,22256,H2T,,,,
84079e,JA023G,AgustaWestland,AW109SP,A109,22289,H2T,,,,
84095a,JA02KG,AgustaWestland,A.109E Power,A109,11090,H2T,,,,
8409a9,JA02NP,AgustaWestland,A.109E Power,A109,11221,H2T,,,,
8409b6,JA02PC,AgustaWestland,A.109E Power,A109,11690,H2T,,,,
840c1d,JA03AP,AgustaWestland,AW109SP,A109,22218,H2T,,,,
840c7d,JA03EP,AgustaWestland,A.109E Power,A109,11755,H2T,,,,
840c8b,JA03FD,AgustaWestland,AW139,A139,41274,H2T,,,,
840cc5,JA03HP,AgustaWestland,A.109E Power,A109,11691,H2T,,,,
840cee,JA03KG,AgustaWestland,AW109SP,A109,22337,H2T,,,,
840fb1,JA04AP,AgustaWestland,AW169,A169,69011,H2T,,,,
841059,JA04HP,AgustaWestland,AW139,A139,31440,H2T,,,,
8413b3,JA05FD,AgustaWestland,AW139,A139,41324,H2T,,,,
8413ed,JA05HP,AgustaWestland,AW139,A139,41372,H2T,,,,
8417d8,JA06ME,AgustaWestland,A.109E Power,A109,11662,H2T,,,,
841b3e,JA07KG,AgustaWestland,AW109SP,A109,22362,H2T,,,,
841e51,JA08DX,AgustaWestland,AW139,A139,31252,H2T,,,,
84232f,JA09TR,AgustaWestland,AW139,A139,41514,H2T,,,,
845b08,JA.109E,AgustaWestland,A.109E Power,A109,11026,H2T,,,,
845b0f,JA109M,AgustaWestland,A.109E Power,A109,11687,H2T,,,,
845b10,JA109N,AgustaWestland,AW109SP,A109,22370,H2T,,,,
845b11,JA109P,AgustaWestland,A.109E Power,A109,11733,H2T,,,,
845c28,JA10ME,AgustaWestland,A.109E Power,A109,11779,H2T,,,,
845cb8,JA10TE,AgustaWestland,AW139,A139,41506,H2T,,,,
845d37,JA10YM,AgustaWestland,AW109SP,A109,22341,H2T,,,,
845d39,JA10YP,AgustaWestland,A.109E Power,A109,11778,H2T,,,,
845d66,JA110A,AgustaWestland,A.109E Power,A109,11753,H2T,,,,
845d67,JA110B,AgustaWestland,A.109E Power,A109,11228,H2T,,,,
845d6d,JA110H,AgustaWestland,A.109E Power,A109,11661,H2T,,,,
845d73,JA110P,AgustaWestland,A.109E Power,A109,11716,H2T,,,,
845d7a,JA110W,AgustaWestland,A.109E Power,A109,11717,H2T,,,,
845ea3,JA119M,AgustaWestland,AW139,A139,41515,H2T,,,,
8462f9,JA12HP,AgustaWestland,AW139,A139,41279,H2T,,,,
846359,JA12MP,AgustaWestland,AW139,A139,31157,H2T,,,,
8464c6,JA131Y,AgustaWestland,AW139,A139,41315,H2T,,,,
8465c5,JA139F,AgustaWestland,AW139,A139,41373,H2T,,,,
8465cb,JA139M,AgustaWestland,AW139,A139,31490,H2T,,,,
8465d1,JA139T,AgustaWestland,AW139,A139,41345,H2T,,,,
8466ed,JA13MP,AgustaWestland,AW139,A139,31435,H2T,,,,
846705,JA13NP,AgustaWestland,AW139,A139,31486,H2T,,,,
846712,JA13PC,AgustaWestland,A.109E Power,A109,11686,H2T,,,,
846a51,JA14KP,AgustaWestland,AW109SP,A109,22319,H2T,,,,
846a81,JA14MP,AgustaWestland,AB139,A139,31026,H2T,,,,
846b07,JA14TD,AgustaWestland,AW139,A139,41518,H2T,,,,
846c10,JA152Y,AgustaWestland,AW139,A139,41385,H2T,,,,
846d0f,JA15AR,AgustaWestland,AW139,A139,41386,H2T,,,,
846de5,JA15KP,AgustaWestland,AW139,A139,41402,H2T,,,,
846f10,JA15YA,AgustaWestland,AW139,A139,41390,H2T,,,,
847049,JA167T,AgustaWestland,AW119 Mk II,A119,14724,H1T,,,,
84708d,JA169T,AgustaWestland,AW169,A169,69022,H2T,,,,
847172,JA16KG,AgustaWestland,A.109E Power,A109,11205,H2T,,,,
8471a9,JA16MP,AgustaWestland,AW139,A139,41408,H2T,,,,
847437,JA17AR,AgustaWestland,AW139,A139,41519,H2T,,,,
84bac6,JA220E,AgustaWestland,AW139,A139,31436,H2T,,,,
84bcc1,JA22HP,AgustaWestland,A.109E Power,A109,11227,H2T,,,,
84bd81,JA22RP,AgustaWestland,A.109E Power,A109,11751,H2T,,,,
85111a,JA311C,AgustaWestland,A.109E Power,A109,11795,H2T,,,,
85124f,JA31AR,AgustaWestland,AW139,A139,41275,H2T,,,,
8513d8,JA31TA,AgustaWestland,AW139,A139,41381,H2T,,,,
8514fc,JA323N,AgustaWestland,A.109E Power,A109,11758,H2T,,,,
851e11,JA34MP,AgustaWestland,A.109E Power,A109,11659,H2T,,,,
852f74,JA39GE,AgustaWestland,AW109SP,A109,22288,H2T,,,,
861ab4,JA6004,AgustaWestland,A.109E Power,A109,11826,H2T,,,,
861f7c,JA6196,AgustaWestland,AW139,A139,31371,H2T,,,,
862cdb,JA6523,AgustaWestland,AW139,A139,41349,H2T,,,,
86315a,JA6690,AgustaWestland,A.109C,A109,7641,H2T,,,,
863751,JA6801,AgustaWestland,A.109E Power,A109,11006,H2T,,,,
863b0b,JA6915,AgustaWestland,A.109E Power,A109,11143,H2T,,,,
863b2a,JA6922,AgustaWestland,A.109E Power,A109,11718,H2T,,,,
863b4b,JA6931,AgustaWestland,A.109E Power,A109,11689,H2T,,,,
863b4f,JA6935,AgustaWestland,AW109SP,A109,22296,H2T,,,,
8676dd,JA70MK,AgustaWestland,AW109SP,A109,22303,H2T,,,,
867736,JA70RC,AgustaWestland,AW109SP,A109,22361,H2T,,,,
868e89,JA777P,AgustaWestland,AW109SP,A109,22283,H2T,,,,
86d035,JA80GT,AgustaWestland,A.109E Power,A109,11714,H2T,,,,
86db39,JA83KT,AgustaWestland,AW139,A139,31759,H2T,,,,
86ec43,JA88AR,AgustaWestland,A.109E Power,A109,11773,H2T,,,,
872d2d,JA91CP,AgustaWestland,AW139,A139,31334,H2T,,,,
872e17,JA91NH,AgustaWestland,AW139,A139,31237,H2T,,,,
8731ab,JA92NH,AgustaWestland,AW139,A139,31259,H2T,,,,
87353f,JA93NH,AgustaWestland,AW139,A139,41341,H2T,,,,
8738d3,JA94NH,AgustaWestland,AW139,A139,41526,H2T,,,,
873d8a,JA960A,AgustaWestland,AW139,A139,31204,H2T,,,,
873dac,JA961A,AgustaWestland,AW139,A139,31206,H2T,,,,
873dce,JA962A,AgustaWestland,AW139,A139,31207,H2T,,,,
873df0,JA963A,AgustaWestland,AW139,A139,31216,H2T,,,,
873e12,JA964A,AgustaWestland,AW139,A139,31218,H2T,,,,
873e34,JA965A,AgustaWestland,AW139,A139,31354,H2T,,,,
873e50,JA9664,AgustaWestland,A.109A,A109,7392,H2T,,,,
873e56,JA966A,AgustaWestland,AW139,A139,31357,H2T,,,,
873e78,JA967A,AgustaWestland,AW139,A139,31358,H2T,,,,
873e9a,JA968A,AgustaWestland,AW139,A139,31360,H2T,,,,
873ebc,JA969A,AgustaWestland,AW139,A139,31361,H2T,,,,
87411e,JA970A,AgustaWestland,AW139,A139,31362,H2T,,,,
874140,JA971A,AgustaWestland,AW139,A139,31426,H2T,,,,
874153,JA971V,AgustaWestland,A.109E Power,A109,11752,H2T,,,,
874162,JA972A,AgustaWestland,AW139,A139,31438,H2T,,,,
874184,JA973A,AgustaWestland,AW139,A139,31437,H2T,,,,
8741a6,JA974A,AgustaWestland,AW139,A139,31488,H2T,,,,
8741c8,JA975A,AgustaWestland,AW139,A139,31494,H2T,,,,
8741ea,JA976A,AgustaWestland,AW139,A139,31513,H2T,,,,
87420c,JA977A,AgustaWestland,AW139,A139,31514,H2T,,,,
8748cd,JA9949,AgustaWestland,A.109A Mk II,A109,7432,H2T,,,,
874a6e,JA99KG,AgustaWestland,AW109SP,A109,22286,H2T,,,,
896152,A6-ONE,AgustaWestland,A.109E Power,A109,11654,H2T,FVS,,,
89619c,A6-AWA,AgustaWestland,AB139,A139,31044,H2T,,,,
8961ae,A6-AWC,AgustaWestland,AW139,A139,31058,H2T,,,,
8961ce,A6-ZBS,AgustaWestland,AW109SP,A109,22270,H2T,FVS,,,
8961fe,A6-FLK,AgustaWestland,A.109S Grand,A109,22062,H2T,FVS,,,
89623a,A6-AWJ,AgustaWestland,AW139,A139,41204,H2T,,,,
8962d2,A6-ALL,AgustaWestland,AW139,A139,31150,H2T,,,,
8962d3,A6-ALM,AgustaWestland,AW139,A139,41017,H2T,,,,
8962f6,A6-AWP,AgustaWestland,AW139,A139,31102,H2T,,,,
89632b,A6-FLP,AgustaWestland,AW109SP,A109,22240,H2T,FVS,,,
89636a,A6-JMR,AgustaWestland,A.109E Power,A109,11613,H2T,,,,
8963fd,A6-SBS,AgustaWestland,AW109SP,A109,22257,H2T,FVS,,,
896422,A6-FHB,AgustaWestland,AW189,A189,49020,H2T,FVS,,,
896431,DU-101,AgustaWestland,AW189,A189,49023,H2T,,,,
896487,A6-FHG,AgustaWestland,AW169,A169,69024,H2T,FVS,,,
8964d6,A6-SBK,AgustaWestland,AW169,A169,69031,H2T,FVS,,,
8967d0,DU-139,AgustaWestland,AB139,A139,31029,H2T,,,,
8967d1,DU-140,AgustaWestland,AW139,A139,31073,H2T,,,,
8967d2,DU-141,AgustaWestland,AW139,A139,31224,H2T,,,,
8967d3,DU-142,AgustaWestland,AW139,A139,31234,H2T,,,,
8a02f7,PK-ILS,AgustaWestland,AW109SP,A109,22258,H2T,,,,
8a0541,PK-RJS,AgustaWestland,AW139,A139,31251,H2T,,,,
8a0615,PK-WAI,AgustaWestland,AW139,A139,31349,H2T,,,,
a00137,N1NJ,AgustaWestland,AW139,A139,41242,H2T,,,2023-05-31,2011-01-01
a001e5,N1VH,AgustaWestland,A.109A Mk II,A109,7273,H2T,,,,
a00393,N10NM,AgustaWestland,A.109E Power,A109,11054,H2T,,,2023-04-30,
a00aa2,N101YS,AgustaWestland,A.109S Grand,A109,22099,H2T,,,,
a00cc0,N102GH,AgustaWestland,AW119 Mk II,A119,14773,H1T,,,,
a00cd1,N102H,AgustaWestland,A.109E Power,A109,11781,H2T,,,,
a01011,N103CF,AgustaWestland,AW119,A119,14021,H1T,,,,
a01088,N103H,AgustaWestland,A.109E Power,A109,11789,H2T,,,,
a010f7,N103ML,AgustaWestland,AW119 Mk II,A119,14906,H1T,,,,
a02273,N108AG,AgustaWestland,AW119,A119,14053,H1T,ERH,,2023-11-30,2005-01-01
a0262a,N109AG,AgustaWestland,A.109C,A109,7602,H2T,,,2023-03-31,1989-01-01
a02630,N109AN,AgustaWestland,A.109A Mk II,A109,7348,H2T,,,2023-07-31,
a0263b,N109AZ,AgustaWestland,AW109SP,A109,22223,H2T,,,2023-03-31,2010-01-01
a02648,N109BM,AgustaWestland,A.109E Power,A109,11157,H2T,,,,
a0266c,N109CY,AgustaWestland,A.109A Mk II,A109,7351,H2T,,,2021-06-30,
a0267e,N109DR,AgustaWestland,AW139,A139,31311,H2T,ERH,,2022-10-31,
a02698,N109ES,AgustaWestland,A.109C,A109,7653,H2T,,,2021-08-31,1991-01-01
a0269d,N109EX,AgustaWestland,A.109S Grand,A109,22145,H2T,,,2022-01-31,2009-01-01
a026a2,N109FB,AgustaWestland,A.109E Power,A109,11629,H2T,,,2023-11-30,
a026a9,N109FJ,AgustaWestland,A.109E Power,A109,11655,H2T,,,2022-09-30,
a026ad,N109FN,AgustaWestland,A.109A Mk II,A109,7356,H2T,,,,
a026c4,N109GL,AgustaWestland,A.109C,A109,7623,H2T,,,2022-05-31,1990-01-01
a026d8,N109HF,AgustaWestland,A.109S Grand,A109,22036,H2T,,,2023-04-30,2007-01-01
a026df,N109HN,AgustaWestland,A.109E Power,A109,11087,H2T,,,,
a026e3,N109HS,AgustaWestland,A.109E Power,A109,11145,H2T,,,,
a0272d,N109LR,AgustaWestland,A.109A Mk II,A109,7416,H2T,,,,
a02742,N109MM,AgustaWestland,A.109A Mk II,A109,7279,H2T,,,2023-03-31,1985-01-01
a0275a,N109NL,AgustaWestland,A.109A Mk II,A109,7415,H2T,,,2023-05-31,1988-01-01
a0276a,N109PB,AgustaWestland,A.109A Mk II,A109,7344,H2T,,,2023-08-31,1985-01-01
a027a8,N109RP,AgustaWestland,A.109A Mk II,A109,7260,H2T,,,,
a027b0,N109RX,AgustaWestland,A.109K2,A109,10016,H2T,,,,
a027b9,N109SF,AgustaWestland,A.109A Mk II,A109,7436,H2T,,,2022-11-30,1989-01-01
a027bc,N109SJ,AgustaWestland,A.109E Power,A109,11170,H2T,,,,
a027d2,N109TF,AgustaWestland,A.109A Mk II,A109,7328,H2T,,,2021-07-31,1985-01-01
a027d3,N109TG,AgustaWestland,A.109E Power,A109,11680,H2T,,,2021-08-31,2006-01-01
a027d6,N109TK,AgustaWestland,A.109C,A109,7650,H2T,,,2023-07-31,1991-01-01
a0281d,N109WF,AgustaWestland,A.109A,A109,7298,H2T,,,,
a0281e,N109WG,AgustaWestland,A.109A,A109,7316,H2T,,,,
a0281f,N109WH,AgustaWestland,A.109A,A109,7174,H2T,,,2021-05-31,1997-01-01
a02820,N109WJ,AgustaWestland,A.109A,A109,7218,H2T,,,2022-08-31,1982-01-01
a0283e,N109XP,AgustaWestland,A.109A,A109,7178,H2T,,,2024-03-31,1981-01-01
a02874,N109ZT,AgustaWestland,A.109C,A109,7639,H2T,,,2022-05-31,1991-01-01
a02b12,N11NM,AgustaWestland,A.109S Grand,A109,22075,H2T,,,,
a0379e,N113CV,AgustaWestland,AW139,A139,31390,H2T,ERH,,2021-05-31,2012-01-01
a03f64,N115GH,AgustaWestland,A.109E Power,A109,11115,H2T,,,2022-12-31,2001-01-01
a043a5,N116MW,AgustaWestland,AW169,A169,69042,H2T,,,2024-01-31,2017-01-01
a04e0e,N119EH,AgustaWestland,AW119,A119,14036,H1T,,,,
a04e57,N119HF,AgustaWestland,AW119 Mk II,A119,14719,H1T,,,,
a04eca,N119MW,AgustaWestland,AW139,A139,41307,H2T,ERH,,2021-11-30,2012-01-01
a04ee5,N119NY,AgustaWestland,AW119 Mk II,A119,14945,H1T,,,2021-12-31,2017-01-01
a04f2e,N119RW,AgustaWestland,AW119,A119,14508,H1T,,,2022-04-30,2006-01-01
a04f48,N119SX,AgustaWestland,AW119,A119,14037,H1T,,,2022-11-30,2003-01-01
a04f9d,N119WG,AgustaWestland,AW119,A119,14502,H1T,,,2021-09-30,2005-01-01
a06a35,N126CG,AgustaWestland,A.109E Power,A109,11674,H2T,,,2021-10-31,2006-01-01
a06b77,N126RD,AgustaWestland,AW119,A119,14504,H1T,,,,
a06dbf,N127AM,AgustaWestland,A.109E Power,A109,11641,H2T,,,2023-04-30,
a0752c,N129AL,AgustaWestland,A.109K2,A109,10029,H2T,,,2022-08-31,
a07531,N129AR,AgustaWestland,A.109E Power,A109,11125,H2T,,,2023-02-28,2001-01-01
a0771c,N129WG,AgustaWestland,AW119,A119,14056,H1T,,,2021-10-31,2005-01-01
a07a9b,N13UA,AgustaWestland,AW139,A139,41504,H2T,,,,
a09caa,N139AK,AgustaWestland,AW139,A139,41565,H2T,,,2022-12-31,2019-01-01
a09cda,N139CH,AgustaWestland,AW139,A139,31063,H2T,,,2021-10-31,2006-01-01
a09cdf,N139CN,AgustaWestland,AW139,A139,41014,H2T,,,2024-01-31,
a09ce7,N139CW,AgustaWestland,AB139,A139,31020,H2T,,,2021-07-31,2005-01-01
a09cf0,N139DE,AgustaWestland,AW139,A139,41334,H2T,,,2022-07-31,2013-01-01
a09d0c,N139EH,AgustaWestland,AB139,A139,31027,H2T,ERH,,2021-10-31,
a09d32,N139FW,AgustaWestland,AB139,A139,31022,H2T,,,2021-07-31,2005-01-01
a09d4f,N139H,AgustaWestland,AW139,A139,31101,H2T,,,2023-03-31,2007-01-01
a09d52,N139HC,AgustaWestland,AW139,A139,31559,H2T,,,,
a09d55,N139HF,AgustaWestland,AB139,A139,31021,H2T,,,2023-04-30,2005-01-01
a09d60,N139HS,AgustaWestland,AB139,A139,31016,H2T,,,,
a09d76,N139JP,AgustaWestland,AB139,A139,31039,H2T,,,2023-04-30,2005-01-01
a09dea,N139PE,AgustaWestland,AW139,A139,41253,H2T,,,,
a09df5,N139PR,AgustaWestland,AW139,A139,41273,H2T,,,2024-02-29,2011-01-01
a09e61,N139TZ,AgustaWestland,AW139,A139,41202,H2T,,,2022-03-31,2009-01-01
a09e9b,N139WG,AgustaWestland,AW119,A119,14509,H1T,,,2021-10-31,2006-01-01
a0a370,N140HS,AgustaWestland,AB139,A139,31036,H2T,,,,
a0a3fd,N140PH,AgustaWestland,AW139,A139,41254,H2T,,,2022-09-30,2010-01-01
a0a7b4,N141PH,AgustaWestland,AW139,A139,41266,H2T,,,,
a0ae0d,N143CF,AgustaWestland,A.109E Power,A109,11142,H2T,,,,
a0b57b,N145CF,AgustaWestland,A.109E Power,A109,11149,H2T,,,,
a0b932,N146CF,AgustaWestland,A.109E Power,A109,11220,H2T,,,,
a0ba47,N146PH,AgustaWestland,AW139,A139,41280,H2T,,,2022-09-30,2011-01-01
a0c1b5,N148PH,AgustaWestland,AW139,A139,41300,H2T,,,,
a0c56c,N149PH,AgustaWestland,AW139,A139,41303,H2T,,,2022-09-30,2012-01-01
a0cf33,N151PH,AgustaWestland,AW139,A139,41312,H2T,,,2022-09-30,2012-01-01
a0d2ea,N152PH,AgustaWestland,AW139,A139,41316,H2T,,,2022-09-30,2012-01-01
a0d6a1,N153PH,AgustaWestland,AW139,A139,41317,H2T,,,2022-09-30,2012-01-01
a0e54f,N157MM,AgustaWestland,AW139,A139,41356,H2T,,,,
a0ed17,N159RB,AgustaWestland,AW139,A139,41281,H2T,ERH,,,
a0fab4,N162SH,AgustaWestland,A.109C,A109,7607,H2T,,,2021-07-31,
a10560,N165MM,AgustaWestland,AW139,A139,41358,H2T,,,,
a10586,N165P,AgustaWestland,AW119,A119,14030,H1T,,,2023-02-28,
a11059,N168KT,AgustaWestland,A.109E Power,A109,11831,H2T,,,2022-10-31,2012-01-01
a117df,N17LS,AgustaWestland,A.109S Grand,A109,22105,H2T,,,,
a119fb,N170JF,AgustaWestland,A.109E Power,A109,11022,H2T,,,,
a13eb8,N18EA,AgustaWestland,A.109E Power,A109,11210,H2T,,,,
a15ff4,N188S,AgustaWestland,A.109A Mk II,A109,7349,H2T,,,2022-07-31,
a16287,N189EH,AgustaWestland,AW189,A189,49018,H2T,ERH,,2021-12-31,2015-01-01
a17845,N194NT,AgustaWestland,AW119 Mk II,A119,14786,H1T,,,2022-04-30,2012-01-01
a182f4,N197J,AgustaWestland,A.109E Power,A109,11616,H2T,,,2023-09-30,2004-01-01
a1904d,N20GN,AgustaWestland,AW109SP,A109,22228,H2T,,,2022-04-30,2011-01-01
a190e2,N20NM,AgustaWestland,A.109C,A109,7661,H2T,,,,
a19226,N200BK,AgustaWestland,A.109E Power,A109,11072,H2T,,,2022-01-31,2000-01-01
a199a9,N202CF,AgustaWestland,AW119,A119,14054,H1T,,,2021-04-30,2005-01-01
a19d60,N203CF,AgustaWestland,AW119,A119,14032,H1T,,,2022-06-30,2003-01-01
a19dfe,N203JP,AgustaWestland,AW119,A119,14535,H1T,,,,
a1a4ce,N205CF,AgustaWestland,AW119 Mk II,A119,14726,H1T,,,2022-10-31,2009-01-01
a1ac3c,N207CF,AgustaWestland,AW119,A119,14006,H1T,,,2022-08-31,2000-01-01
a1b8b6,N21RX,AgustaWestland,A.109A,A109,7131,H2T,,,,
a1daf4,N219AC,AgustaWestland,A.109S Grand,A109,22068,H2T,TIH,,,
a1ed17,N223KR,AgustaWestland,AW139,A139,41340,H2T,,,2022-06-30,2013-01-01
a202a4,N229CB,AgustaWestland,A.109C,A109,7657,H2T,,,2021-08-31,1991-01-01
a22644,N238AM,AgustaWestland,A.109E Power,A109,11084,H2T,,,2024-01-31,2000-01-01
a23c43,N243MM,AgustaWestland,AW139,A139,41391,H2T,,,,
a25be7,N251HC,AgustaWestland,AW109SP,A109,22221,H2T,,,2023-06-30,2010-01-01
a28366,N261HC,AgustaWestland,AW109SP,A109,22247,H2T,,,2021-04-30,2011-01-01
a2aae5,N271HC,AgustaWestland,AW109SP,A109,22250,H2T,,,2021-04-30,2011-01-01
a2af86,N272SM,AgustaWestland,A.109E Power,A109,11074,H2T,,,2021-12-31,2000-01-01
a2b6f4,N274SM,AgustaWestland,A.109E Power,A109,11034,H2T,,,2021-12-31,1998-01-01
a2bd86,N276HS,AgustaWestland,AW139,A139,41517,H2T,,,2023-10-31,2016-01-01
a2be62,N276SM,AgustaWestland,A.109E Power,A109,11069,H2T,,,,
a2ccda,N28NM,AgustaWestland,A.109S Grand,A109,22003,H2T,,,2023-06-30,2005-01-01
a2d264,N281HC,AgustaWestland,AW109SP,A109,22310,H2T,,,2022-12-31,2013-01-01
a2f5fb,N290FD,AgustaWestland,A.109S Grand,A109,22022,H2T,,,2023-03-31,
a2f9e3,N291HC,AgustaWestland,AW109SP,A109,22313,H2T,,,2023-11-30,2013-01-01
a314a9,N298R,AgustaWestland,A.109E Power,A109,11618,H2T,,,2023-04-30,2004-01-01
a31bd5,N3NJ,AgustaWestland,AW139,A139,41293,H2T,,,2021-07-31,
a31c94,N3W,AgustaWestland,AW139,A139,41211,H2T,,,2023-12-31,2009-01-01
a31d65,N30EH,AgustaWestland,A.109E Power,A109,11029,H2T,,,2024-02-29,1999-01-01
a31d7a,N30FD,AgustaWestland,A.109C,A109,7672,H2T,,,,
a31dc4,N30JC,AgustaWestland,A.109S Grand,A109,22102,H2T,,,,
a31e31,N30NM,AgustaWestland,A.109E Power,A109,11065,H2T,,,,
a31eb6,N30TV,AgustaWestland,A.109E Power,A109,11057,H2T,,,2022-08-31,1999-01-01
a31f03,N30WX,AgustaWestland,AW139,A139,41223,H2T,,,2023-12-31,2009-01-01
a32347,N301CM,AgustaWestland,A.109C,A109,7652,H2T,,,,
a32aaf,N303CF,AgustaWestland,AW119,A119,14010,H1T,,,2022-06-30,2000-01-01
a32af8,N303FD,AgustaWestland,AW139,A139,41012,H2T,,,2021-10-31,2008-01-01
a32eaf,N304FD,AgustaWestland,AW139,A139,41528,H2T,,,2023-07-31,2017-01-01
a33266,N305FD,AgustaWestland,AW139,A139,41009,H2T,,,2021-08-31,2008-01-01
a3369d,N306LG,AgustaWestland,AW119 Mk II,A119,14839,H1T,,,2022-01-31,2015-01-01
a3395d,N307AK,AgustaWestland,AW119 Mk II,A119,14777,H1T,,,,
a33a76,N307MR,AgustaWestland,AW139,A139,31070,H2T,,,,
a340f9,N309CF,AgustaWestland,A.109E Power,A109,11503,H2T,,,,
a3574e,N314SS,AgustaWestland,AW189,A189,49019,H2T,ERH,,2021-12-31,2015-01-01
a35e3a,N316MM,AgustaWestland,AW139,A139,41516,H2T,,,,
a35e64,N316PD,AgustaWestland,AW119,A119,14038,H1T,,,2022-12-31,2003-01-01
a36989,N319PD,AgustaWestland,AW119,A119,14040,H1T,,,2023-03-31,2004-01-01
a36c2c,N32CC,AgustaWestland,AW139,A139,31112,H2T,COO,,,
a38da0,N328SH,AgustaWestland,AW139,A139,41309,H2T,ERH,,2021-12-31,2012-01-01
a393b5,N33CN,AgustaWestland,AW139,A139,41410,H2T,,,,
a39580,N33WX,AgustaWestland,AW139,A139,41321,H2T,,,2023-12-31,2012-01-01
a396a4,N330JN,AgustaWestland,AW119,A119,14510,H1T,ERH,,,
a39e13,N332JP,AgustaWestland,A.109A Mk II,A109,7358,H2T,,,2021-05-31,1988-01-01
a3a585,N334JT,AgustaWestland,A.109E Power,A109,11738,H2T,ERH,,2022-01-31,2008-01-01
a3ffd3,N357LL,AgustaWestland,AW119 Mk II,A119,14835,H1T,,,2022-01-31,2015-01-01
a4038a,N358LL,AgustaWestland,AW119 Mk II,A119,14902,H1T,,,2023-04-30,2016-01-01
a40741,N359LL,AgustaWestland,AW119 Mk II,A119,14934,H1T,,,2023-07-31,2017-01-01
a41045,N361CR,AgustaWestland,AW109SP,A109,22243,H2T,,,2024-02-29,2011-01-01
a41099,N361G,AgustaWestland,AW139,A139,41240,H2T,,,,
a41450,N362G,AgustaWestland,AW139,A139,41249,H2T,,,,
a41807,N363G,AgustaWestland,AW139,A139,41531,H2T,,,2023-11-30,2017-01-01
a41ee0,N365AA,AgustaWestland,A.109E Power,A109,11102,H2T,,,2023-10-31,2001-01-01
a4209c,N365TV,AgustaWestland,A.109E Power,A109,11732,H2T,,,2022-06-30,2008-01-01
a4232c,N366G,AgustaWestland,AW139,A139,41532,H2T,,,2023-12-31,2017-01-01
a463cf,N382MD,AgustaWestland,AW139,A139,41287,H2T,,,2022-03-31,2012-01-01
a46786,N383MD,AgustaWestland,AW139,A139,41289,H2T,,,2022-03-31,2012-01-01
a46b3d,N384MD,AgustaWestland,AW139,A139,41290,H2T,,,2022-03-31,2013-01-01
a46ef4,N385MD,AgustaWestland,AW139,A139,41291,H2T,,,2022-03-31,2013-01-01
a472ab,N386MD,AgustaWestland,AW139,A139,41292,H2T,,,2022-03-31,2013-01-01
a47662,N387MD,AgustaWestland,AW139,A139,41327,H2T,,,2022-06-30,2013-01-01
a47a19,N388MD,AgustaWestland,AW139,A139,41336,H2T,,,2022-09-30,2013-01-01
a47dd0,N389MD,AgustaWestland,AW139,A139,41338,H2T,,,2022-12-31,2013-01-01
a483e0,N390MD,AgustaWestland,AW139,A139,41377,H2T,,,2023-08-31,2014-01-01
a4ab80,N40NM,AgustaWestland,A.109A Mk II,A109,7395,H2T,,,,
a4b4ef,N402JZ,AgustaWestland,AW139,A139,41406,H2T,,,2021-06-30,2015-01-01
a4bc4c,N404JG,AgustaWestland,AW139,A139,41351,H2T,ERH,,2023-03-31,2014-01-01
a4d207,N41CP,AgustaWestland,AW139,A139,41251,H2T,,,,
a4d2ff,N41NM,AgustaWestland,A.109E Power,A109,11114,H2T,,,,
a4dc21,N412FX,AgustaWestland,AW109SP,A109,22234,H2T,,,2022-09-30,2011-01-01
a4e783,N415JH,AgustaWestland,AW139,A139,41224,H2T,ERH,,2022-01-31,2009-01-01
a4f223,N418D,AgustaWestland,A.109,A109,7276,H2T,,,2021-12-31,
a51f05,N429WC,AgustaWestland,AW119,A119,14511,H1T,,,2023-05-31,2006-01-01
a523f6,N430JR,AgustaWestland,A.109C,A109,7640,H2T,,,2023-07-31,1991-01-01
a52e4d,N433AK,AgustaWestland,A.109E Power,A109,11797,H2T,,,2024-02-29,2011-01-01
a535bb,N435AK,AgustaWestland,A.109E Power,A109,11762,H2T,,,2023-12-31,2009-01-01
a544ad,N439BG,AgustaWestland,AW139,A139,31312,H2T,,,2022-02-28,2010-01-01
a56ff4,N45BZ,AgustaWestland,AW109SP,A109,22284,H2T,,,2023-02-28,2012-01-01
a63673,N5NJ,AgustaWestland,AW139,A139,41260,H2T,,,2023-09-30,2011-01-01
a63714,N5UV,AgustaWestland,A.109E Power,A109,11150,H2T,,,2022-05-31,
a646ad,N503SH,AgustaWestland,AW139,A139,41384,H2T,,,,
a657e0,N508CF,AgustaWestland,A.109E Power,A109,11103,H2T,,,2021-08-31,2001-01-01
a65b97,N509CF,AgustaWestland,A.109E Power,A109,11061,H2T,,,2022-07-31,1999-01-01
a666c1,N511SL,AgustaWestland,AW119,A119,14028,H1T,,,2022-04-30,2002-01-01
a669db,N512LD,AgustaWestland,A.109E Power,A109,11683,H2T,ERH,,2022-05-31,2006-01-01
a671c7,N514RE,AgustaWestland,AW119 Mk II,A119,14701,H1T,ERH,,,
a678b9,N516LF,AgustaWestland,AW119 Mk II,A119,14782,H1T,,,2023-01-31,2012-01-01
a68e2b,N521RQ,AgustaWestland,AW119,A119,14019,H1T,,,2023-04-30,2001-01-01
a69896,N524JD,AgustaWestland,AW139,A139,41301,H2T,ERH,,2021-07-31,2012-01-01
a6a038,N526LF,AgustaWestland,AW119 Mk II,A119,14800,H1T,,,2023-01-31,2013-01-01
a6afa1,N53RX,AgustaWestland,A.109A,A109,7153,H2T,,,2021-10-31,
a6b15f,N530KS,AgustaWestland,A.109E Power,A109,11694,H2T,ERH,,2023-11-30,2006-01-01
a6c7b7,N536LF,AgustaWestland,AW119 Mk II,A119,14801,H1T,,,2023-06-30,2013-01-01
a6d1fc,N539BG,AgustaWestland,AW139,A139,41329,H2T,,,2022-03-31,2013-01-01
a6ef36,N546LF,AgustaWestland,AW119 Mk II,A119,14802,H1T,,,2023-10-31,2013-01-01
a70c0b,N553RD,AgustaWestland,AW139,A139,41369,H2T,ERH,,2023-06-30,2014-01-01
a716b5,N556LF,AgustaWestland,AW119 Mk II,A119,14804,H1T,,,2023-08-31,2013-01-01
a724b4,N56BK,AgustaWestland,A.109A Mk II,A109,7284,H2T,,,2021-05-31,1985-01-01
a73e34,N566LF,AgustaWestland,AW119 Mk II,A119,14808,H1T,,,2023-10-31,2013-01-01
a744e5,N568CS,AgustaWestland,A.109C,A109,7638,H2T,,,2022-06-30,1991-01-01
a74dfc,N57VS,AgustaWestland,A.109E Power,A109,11677,H2T,,,,
a765b3,N576LF,AgustaWestland,AW119 Mk II,A119,14791,H1T,,,2023-06-30,2013-01-01
a77467,N58JR,AgustaWestland,A.109,A109,7361,H2T,,,2021-04-30,1986-01-01
a774c7,N58NM,AgustaWestland,A.109S Grand,A109,22016,H2T,,,2023-02-28,2006-01-01
a78d32,N586LF,AgustaWestland,AW119 Mk II,A119,14809,H1T,,,2023-10-31,2013-01-01
a79c53,N59P,AgustaWestland,A.109C,A109,7646,H2T,,,2024-02-29,1991-01-01
a7b4b1,N596LF,AgustaWestland,AW119 Mk II,A119,14810,H1T,,,2023-10-31,2013-01-01
a7b549,N596SH,AgustaWestland,A.109S Grand,A109,22162,H2T,,,,
a7c3af,N6MQ,AgustaWestland,A.109A Mk II,A109,7321,H2T,,,2022-04-30,
a7c61e,N60NM,AgustaWestland,A.109C,A109,7651,H2T,,,,
a7cf2c,N602FB,AgustaWestland,AW119 Mk II,A119,14528,H1T,ERH,,2023-11-30,2007-01-01
a7d29c,N603CF,AgustaWestland,AW119,A119,14041,H1T,,,2022-06-30,
a7d3be,N603PW,AgustaWestland,AW139,A139,31309,H2T,,,2021-06-30,2010-01-01
a7d653,N604CF,AgustaWestland,AW119,A119,14011,H1T,,,2023-12-31,2001-01-01
a7d674,N604DP,AgustaWestland,AW139,A139,41352,H2T,ERH,,2023-02-28,2014-01-01
a7da0a,N605CF,AgustaWestland,AW119,A119,14058,H1T,,,2022-10-31,2006-01-01
a7daba,N605KG,AgustaWestland,AW139,A139,41503,H2T,,,2023-07-31,2015-01-01
a7db6a,N605SH,AgustaWestland,AW139,A139,41513,H2T,,,,
a7de89,N606LF,AgustaWestland,AW119 Mk II,A119,14812,H1T,,,2023-10-31,2013-01-01
a7df27,N606SP,AgustaWestland,A.109E Power,A109,11741,H2T,,,2023-06-30,2009-01-01
a7e174,N607CB,AgustaWestland,AW119 Mk II,A119,14928,H1T,,,,
a7e52f,N608CF,AgustaWestland,AW119,A119,14027,H1T,,,2022-05-31,2003-01-01
a7e8e6,N609CF,AgustaWestland,AW119,A119,14018,H1T,,,2022-08-31,2001-01-01
a7ea46,N609SH,AgustaWestland,AW119 Mk II,A119,14935,H1T,,,,
a7ecee,N61FM,AgustaWestland,A.109A,A109,7197,H2T,,,2023-05-31,1981-01-01
a7fa18,N613CC,AgustaWestland,A.109S Grand,A109,22044,H2T,,,,
a801a5,N615DJ,AgustaWestland,AW139,A139,41261,H2T,ERH,,,
a80608,N616LF,AgustaWestland,AW119 Mk II,A119,14811,H1T,,,2023-04-30,2013-01-01
a80a57,N617SH,AgustaWestland,AW119 Mk II,A119,14936,H1T,,,,
a811c5,N619SH,AgustaWestland,AW139,A139,41533,H2T,,,,
a81b87,N621SC,AgustaWestland,A.109S Grand,A109,22078,H2T,,,,
a82d87,N626LF,AgustaWestland,AW119 Mk II,A119,14814,H1T,,,2023-01-31,2013-01-01
a831da,N627SM,AgustaWestland,AW139,A139,41376,H2T,,,,
a83577,N628RL,AgustaWestland,AW119 Mk II,A119,14713,H1T,ERH,,,
a83d07,N63SV,AgustaWestland,A.109E Power,A109,11225,H2T,,,2024-01-31,2003-01-01
a84fcd,N6346L,AgustaWestland,AB139,A139,31006,H2T,,,2021-12-31,2005-01-01
a85506,N636LF,AgustaWestland,AW119 Mk II,A119,14817,H1T,,,2023-05-31,2014-01-01
a85c8d,N638MF,AgustaWestland,AW139,A139,41392,H2T,,,2023-10-31,2014-01-01
a85f4b,N639BG,AgustaWestland,AW139,A139,41343,H2T,,,2021-12-31,2013-01-01
a85f87,N639DS,AgustaWestland,AW139,A139,41262,H2T,,,2023-07-31,2011-01-01
a85fc8,N639GG,AgustaWestland,AW139,A139,41308,H2T,,,2021-10-31,2012-01-01
a86041,N639MC,AgustaWestland,AW139,A139,41288,H2T,,,2021-05-31,2012-01-01
a8604a,N639MM,AgustaWestland,AW139,A139,41216,H2T,,,2024-01-31,2009-01-01
a86134,N639WW,AgustaWestland,AW139,A139,41229,H2T,,,2022-04-30,2009-01-01
a87c85,N646LF,AgustaWestland,AW119 Mk II,A119,14818,H1T,,,2023-05-31,2014-01-01
a88a9c,N65CJ,AgustaWestland,A.109E Power,A109,11051,H2T,,,2021-09-30,1999-01-01
a88bbb,N65PW,AgustaWestland,A.109S Grand,A109,22046,H2T,,,,
a8a404,N656LF,AgustaWestland,AW119 Mk II,A119,14826,H1T,,,2023-09-30,2014-01-01
a8aa7e,N658AM,AgustaWestland,A.109E Power,A109,11504,H2T,,,2023-10-31,2001-01-01
a8ae35,N659AM,AgustaWestland,A.109E Power,A109,11506,H2T,,,2022-06-30,
a8b220,N66CP,AgustaWestland,AW139,A139,41252,H2T,,,2023-01-31,2010-01-01
a8b991,N661SS,AgustaWestland,AW119 Mk II,A119,14937,H1T,,,2023-05-31,2019-01-01
a8c0ff,N663SS,AgustaWestland,AW119 Mk II,A119,14938,H1T,,,2023-05-31,2019-01-01
a8cfdb,N667SS,AgustaWestland,AW119 Mk II,A119,14931,H1T,,,,
a8d392,N668SS,AgustaWestland,AW119 Mk II,A119,14939,H1T,,,,
a8d749,N669SS,AgustaWestland,AW119 Mk II,A119,14940,H1T,,,2023-07-31,2019-01-01
a8dd59,N670SS,AgustaWestland,AW119 Mk II,A119,14941,H1T,,,,
a8e08a,N671MH,AgustaWestland,AW119,A119,14507,H1T,,,2022-04-30,
a90216,N68NM,AgustaWestland,A.109S Grand,A109,22076,H2T,,,2023-06-30,2008-01-01
a91a81,N686LF,AgustaWestland,AW119 Mk II,A119,14832,H1T,,,2021-04-30,2015-01-01
a9463f,N697RS,AgustaWestland,AB139,A139,31035,H2T,,,,
a94a49,N698V,AgustaWestland,AW139,A139,41328,H2T,,,2021-08-31,2013-01-01
a95111,N7NJ,AgustaWestland,AW139,A139,41264,H2T,,,2023-12-31,2011-01-01
a951a1,N7UC,AgustaWestland,A.109E Power,A109,11088,H2T,,,2024-02-29,2000-01-01
a97636,N709CG,AgustaWestland,AW119,A119,14052,H1T,ERH,,2022-02-28,
a97654,N709DM,AgustaWestland,A.109S Grand,A109,22043,H2T,,,2021-08-31,2007-01-01
a97aec,N71NM,AgustaWestland,A.109S Grand,A109,22146,H2T,,,2022-07-31,2009-01-01
a97d9f,N710SB,AgustaWestland,AW109SP,A109,22312,H2T,,,,
a9807e,N711HL,AgustaWestland,A.109A Mk II,A109,7398,H2T,,,2023-02-28,1987-01-01
a99029,N715RT,AgustaWestland,AW119,A119,14516,H1T,ERH,,2022-05-31,2006-01-01
a99263,N716AM,AgustaWestland,A.109A,A109,7175,H2T,,,2023-08-31,1980-01-01
a99357,N716LF,AgustaWestland,AW119 Mk II,A119,14833,H1T,,,2021-04-30,2015-01-01
a9935f,N716LP,AgustaWestland,A.109A,A109,7167,H2T,,,,
a99f0f,N719SC,AgustaWestland,AW119 Mk II,A119,14829,H1T,,,,
a9af60,N723H,AgustaWestland,AW109SP,A109,22280,H2T,,,,
a9b513,N7242N,AgustaWestland,A.109A Mk II,A109,7355,H2T,,,2021-06-30,1986-01-01
a9b7b2,N725SC,AgustaWestland,A.109E Power,A109,11134,H2T,,,2021-10-31,2002-01-01
a9b7ce,N725TF,AgustaWestland,AW139,A139,31074,H2T,,,2023-01-31,
a9bad6,N726LF,AgustaWestland,AW119 Mk II,A119,14836,H1T,,,2021-06-30,2015-01-01
a9baed,N726MD,AgustaWestland,AW139,A139,41320,H2T,ERH,,2022-02-28,2013-01-01
a9ccf2,N730VM,AgustaWestland,AW139,A139,41362,H2T,ERH,,2023-04-30,2014-01-01
a9e658,N737PG,AgustaWestland,A.109C,A109,7659,H2T,,,2023-10-31,1991-01-01
a9f182,N74PM,AgustaWestland,A.109C,A109,7636,H2T,,,,
aa05cd,N745HA,AgustaWestland,A.109A Mk II,A109,7413,H2T,,,2023-07-31,
aa158d,N749SD,AgustaWestland,A.109E Power,A109,11155,H2T,,,2024-01-31,2002-01-01
aa3153,N756LF,AgustaWestland,AW119 Mk II,A119,14837,H1T,,,2021-07-31,2015-01-01
aa671b,N77EJ,AgustaWestland,A.109E Power,A109,11140,H2T,,,2023-02-28,2002-01-01
aa8051,N776LF,AgustaWestland,AW119 Mk II,A119,14846,H1T,,,2023-02-28,2016-01-01
aa91a1,N780MH,AgustaWestland,AW119,A119,14057,H1T,,,,
aaa7d0,N786LF,AgustaWestland,AW119 Mk II,A119,14847,H1T,,,2023-01-31,2016-01-01
aac738,N794DM,AgustaWestland,AW119,A119,14512,H1T,,,2023-12-31,2006-01-01
aadef3,N8UF,AgustaWestland,A.109A Mk II,A109,7268,H2T,,,2023-05-31,1985-01-01
aae0bc,N80NM,AgustaWestland,A.109A Mk II,A109,7327,H2T,,,,
aae0c7,N80NY,AgustaWestland,A.109E Power,A109,11214,H2T,,,2022-07-31,
aae3db,N800WK,AgustaWestland,A.109A Mk II,A109,7341,H2T,,,2023-01-31,
aaeae7,N802SM,AgustaWestland,AW119 Mk II,A119,14711,H1T,ERH,,2023-12-31,
aaed3a,N803CF,AgustaWestland,AW119,A119,14538,H1T,,,2022-08-31,2007-01-01
aaf0ed,N804CB,AgustaWestland,AW139,A139,41277,H2T,ERH,,,
ab0019,N808FG,AgustaWestland,AW139,A139,31383,H2T,ERH,,,
ab083b,N81NM,AgustaWestland,A.109S Grand,A109,22086,H2T,,,,
ab0ebd,N811TA,AgustaWestland,AW139,A139,41269,H2T,ERH,,,
ab2b94,N819JA,AgustaWestland,AW139,A139,31322,H2T,ERH,,2023-02-28,
ab316a,N820FT,AgustaWestland,A.109E Power,A109,11701,H2T,ERH,,2023-11-30,2007-01-01
ab3914,N822JC,AgustaWestland,A.109,A109,7269,H2T,,,2021-12-31,1984-01-01
ab3968,N822MM,AgustaWestland,AW119,A119,14055,H1T,ERH,,2021-10-31,2005-01-01
ab3fdc,N824BM,AgustaWestland,AW119 Mk II,A119,14725,H1T,,,2023-08-31,2008-01-01
abee78,N868VP,AgustaWestland,A.109S Grand,A109,22120,H2T,,,2022-06-30,2009-01-01
abf22f,N869VP,AgustaWestland,A.109E Power,A109,11793,H2T,,,,
ac0e20,N876RJ,AgustaWestland,A.109A Mk II,A109,7291,H2T,,,2021-11-30,
ac11fc,N877SW,AgustaWestland,A.109A Mk II,A109,7283,H2T,,,,
ac1bbc,N88CP,AgustaWestland,AW139,A139,41246,H2T,,,2024-01-31,2010-01-01
ac6baf,N9NJ,AgustaWestland,AW139,A139,41243,H2T,,,,
ac72eb,N901AH,AgustaWestland,A.109E Power,A109,11631,H2T,,,,
ac7321,N901CM,AgustaWestland,A.109E Power,A109,11611,H2T,,,2021-05-31,2004-01-01
ac7353,N901EM,AgustaWestland,A.109E Power,A109,11614,H2T,,,2021-05-31,2004-01-01
ac7395,N901HC,AgustaWestland,A.109K2,A109,10033,H2T,,,2021-04-30,1988-01-01
ac74e3,N901WM,AgustaWestland,AW109SP,A109,22366,H2T,,,2023-04-30,2016-01-01
ac76a2,N902AH,AgustaWestland,A.109E Power,A109,11636,H2T,,,,
ac7a59,N903AH,AgustaWestland,A.109E Power,A109,11638,H2T,,,,
ac7bdd,N903RW,AgustaWestland,A.109E Power,A109,11601,H2T,ERH,,2022-11-30,2004-01-01
ac7e10,N904AH,AgustaWestland,A.109E Power,A109,11640,H2T,,,,
ac81c7,N905AH,AgustaWestland,A.109E Power,A109,11642,H2T,,,,
ac8935,N907AH,AgustaWestland,A.109E Power,A109,11646,H2T,,,,
ac9552,N91LF,AgustaWestland,A.109E Power,A109,11509,H2T,,,2023-10-31,2002-01-01
ac95f6,N91SV,AgustaWestland,A.109E Power,A109,11627,H2T,,,2024-01-31,
ac97a7,N910LB,AgustaWestland,A.109E Power,A109,11682,H2T,ERH,,2022-02-28,2006-01-01
aca58f,N914AH,AgustaWestland,AW139,A139,31210,H2T,,,,
aca946,N915AH,AgustaWestland,AW139,A139,31211,H2T,,,,
aca95c,N915BE,AgustaWestland,AW119,A119,14519,H1T,ERH,,2022-05-31,2006-01-01
acacfd,N916AH,AgustaWestland,AW139,A139,31212,H2T,,,,
acb0b4,N917AH,AgustaWestland,AW139,A139,31214,H2T,,,,
acb46b,N918AH,AgustaWestland,AW139,A139,31217,H2T,,,,
acb822,N919AH,AgustaWestland,AW139,A139,31271,H2T,,,,
acbcd1,N92LF,AgustaWestland,A.109E Power,A109,11604,H2T,,,2023-04-30,2004-01-01
acbe32,N920AH,AgustaWestland,AW139,A139,31272,H2T,,,,
acbef6,N920JD,AgustaWestland,AW119 Mk II,A119,14745,H1T,ERH,,2021-08-31,2009-01-01
acc1e9,N921AH,AgustaWestland,AW139,A139,31275,H2T,,,,
acc957,N923AH,AgustaWestland,AW139,A139,31284,H2T,,,,
accd0e,N924AH,AgustaWestland,AW139,A139,31287,H2T,,,,
acd0c5,N925AH,AgustaWestland,AW139,A139,31288,H2T,,,,
acd2a0,N925VH,AgustaWestland,AW139,A139,31282,H2T,,,2021-10-31,2010-01-01
acd833,N927AH,AgustaWestland,AW139,A139,31292,H2T,,,,
acd8fd,N927JK,AgustaWestland,AW119,A119,14517,H1T,,,,
ace5b1,N930AH,AgustaWestland,AW139,A139,31562,H2T,,,,
acfc0e,N936BB,AgustaWestland,A.109S Grand,A109,22054,H2T,,,,
ad0347,N9379K,AgustaWestland,AW119 Mk II,A119,14760,H1T,,,2022-09-30,2010-01-01
ad034e,N9379S,AgustaWestland,AW119 Mk II,A119,14756,H1T,,,2022-09-30,2010-01-01
ad33dd,N95RZ,AgustaWestland,A.109E Power,A109,11147,H2T,,,2023-10-31,2002-01-01
ad3869,N951AL,AgustaWestland,A.109E Power,A109,11632,H2T,,,2021-07-31,2005-01-01
ad5ad3,N96LM,AgustaWestland,A.109A Mk II,A109,7256,H2T,,,,
ad68f7,N963TC,AgustaWestland,AW119 Mk II,A119,14734,H1T,,,,
ad6cae,N964TC,AgustaWestland,AW119 Mk II,A119,14737,H1T,,,2022-04-30,2009-01-01
ad7065,N965TC,AgustaWestland,AW119 Mk II,A119,14741,H1T,,,,
ad741c,N966TC,AgustaWestland,AW119 Mk II,A119,14761,H1T,,,,
ad890c,N971TG,AgustaWestland,AW139,A139,41333,H2T,ERH,,,
ada338,N978V,AgustaWestland,AW139,A139,41364,H2T,,,,
add0a4,N99DQ,AgustaWestland,AW139,A139,41219,H2T,,,,
add8ca,N9910Z,AgustaWestland,A.109S Grand,A109,22010,H2T,,,,
c001d2,C-FARX,AgustaWestland,A.109S Grand,A109,22067,H2T,,2016-11-29,,
c003a9,C-FBKA,AgustaWestland,AB139,A139,31037,H2T,,2006-06-29,,
c01050,C-FGEP,AgustaWestland,AW109SP,A109,22285,H2T,HRT,2013-11-14,,
c010d5,C-FGJS,AgustaWestland,AW139,A139,41314,H2T,,2012-12-11,,
c01a75,C-FKAM,AgustaWestland,AW109SP,A109,22297,H2T,,2014-08-11,,
c023a1,C-FNMU,AgustaWestland,AW119 Mk II,A119,14731,H1T,HRT,,,
c03650,C-FUOT,AgustaWestland,AB139,A139,31038,H2T,,2007-06-18,,
c03c6b,C-FWWW,AgustaWestland,A.109S Grand,A109,22119,H2T,HRT,2016-09-23,,
c04f53,C-GEBA,AgustaWestland,AW119 Mk II,A119,14035,H1T,,2015-07-07,,
c05c91,C-GJBK,AgustaWestland,AW119,A119,14020,H1T,,2008-05-07,,
c060fb,C-GKSW,AgustaWestland,AW139,A139,31276,H2T,,2010-06-24,,
c061d2,C-GLBD,AgustaWestland,A.109E Power,A109,11643,H2T,,2012-06-12,,
c06343,C-GLPI,AgustaWestland,AW139,A139,31277,H2T,,2012-12-03,,
c06c87,C-GPCO,AgustaWestland,AW139,A139,41323,H2T,,2013-01-07,,
c06cd7,C-GPFQ,AgustaWestland,A.109E Power,A109,11162,H2T,,2014-09-23,,
c07558,C-GSLJ,AgustaWestland,AW119 Mk II,A119,14526,H1T,,2007-06-14,,
c07815,C-GTMI,AgustaWestland,A.109S Grand,A109,22160,H2T,,2018-10-31,,
c07c29,C-GVAM,AgustaWestland,AW109SP,A109,22298,H2T,,2014-05-22,,
c07d69,C-GVMU,AgustaWestland,AW119 Mk II,A119,14793,H1T,,2017-08-21,,
c07d6c,C-GVMX,AgustaWestland,AW119 Mk II,A119,14774,H1T,,,,
c08560,C-GYNF,AgustaWestland,AW139,A139,41226,H2T,,2012-03-29,,
c08561,C-GYNG,AgustaWestland,AW139,A139,41227,H2T,,2012-01-26,,
c08562,C-GYNH,AgustaWestland,AW139,A139,41230,H2T,,2012-01-26,,
c08564,C-GYNJ,AgustaWestland,AW139,A139,41232,H2T,,2012-03-28,,
c08565,C-GYNK,AgustaWestland,AW139,A139,41236,H2T,,2012-03-28,,
c08566,C-GYNL,AgustaWestland,AW139,A139,41238,H2T,,2012-03-28,,
c08567,C-GYNM,AgustaWestland,AW139,A139,41245,H2T,,2012-03-28,,
c08568,C-GYNN,AgustaWestland,AW139,A139,41247,H2T,,2012-03-28,,
c08569,C-GYNO,AgustaWestland,AW139,A139,41250,H2T,,2012-03-28,,
c0856a,C-GYNP,AgustaWestland,AW139,A139,41257,H2T,,2011-11-25,,
c08574,C-GYNZ,AgustaWestland,AW139,A139,41272,H2T,,2016-10-11,,
c81b4d,ZK-HNZ,AgustaWestland,AW139,A139,31103,H2T,,,,
c81c64,ZK-HNO,AgustaWestland,AW139,A139,31156,H2T,,,,
c81c72,ZK-ISR,AgustaWestland,AW119 Ke,A119,14710,H1T,,,,
c81e2e,ZK-ITR,AgustaWestland,A.109E Power,A109,11127,H2T,,,,
c8248f,ZK-HNF,AgustaWestland,AW139,A139,41271,H2T,,,,
c87f16,NZ3401,AgustaWestland,A.109LUH,A109,13781,H2T,KIW,,,
c87f17,NZ3402,AgustaWestland,A.109LUH,A109,13782,H2T,KIW,,,
c87f18,NZ3403,AgustaWestland,A.109LUH,A109,13784,H2T,KIW,,,
c87f19,NZ3404,AgustaWestland,A.109LUH,A109,13785,H2T,KIW,,,
c87f1a,NZ3405,AgustaWestland,A.109LUH,A109,13786,H2T,KIW,,,
c87f1b,NZ3406,AgustaWestland,A.109LUH,A109,13783,H2T,KIW,,,
e01313,LV-ALS,AgustaWestland,A.109A,A109,7189,H2T,,,,
e02319,LV-BLY,AgustaWestland,A.109A Mk II,A109,7296,H2T,,,,
e03303,LV-CLC,AgustaWestland,A.109E Power,A109,11045,H2T,,,,
e17045,LV-WAE,AgustaWestland,A.109A,A109,7314,H2T,,,,
e17283,LV-WJC,AgustaWestland,A.109A,A109,7142,H2T,,,,
e1a042,LV-ZAB,AgustaWestland,A.109K2,A109,10032,H2T,,,,
e4054c,PR-WBA,AgustaWestland,A.109E Power,A109,11771,H2T,,,,
e48112,PR-HAI,AgustaWestland,A.109S Grand,A109,22057,H2T,,,,
e4822c,PR-CGR,AgustaWestland,A.109E Power,A109,11734,H2T,,,,
e48247,PP-BSR,AgustaWestland,A.109S Grand,A109,22083,H2T,,,,
e48293,PR-BLA,AgustaWestland,A.109E Power,A109,11739,H2T,,,,
e482ed,PR-DIZ,AgustaWestland,A.109S Grand,A109,22095,H2T,,,,
e482ef,PR-UAS,AgustaWestland,A.109E Power,A109,11740,H2T,,,,
e4842d,PR-TJR,AgustaWestland,A.109E Power,A109,11763,H2T,,,,
e48438,PP-COS,AgustaWestland,A.109S Grand,A109,22103,H2T,,,,
e48446,PP-UGS,AgustaWestland,A.109S Grand,A109,22118,H2T,,,,
e484b6,PP-JEF,AgustaWestland,A.109S Grand,A109,22136,H2T,,,,
e48500,PP-HVN,AgustaWestland,A.109E Power,A109,11768,H2T,,,,
e4850e,PR-AHV,AgustaWestland,A.109S Grand,A109,22147,H2T,,,,
e4866e,PP-MFT,AgustaWestland,A.109E Power,A109,11667,H2T,,,,
e48673,PP-SAF,AgustaWestland,A.109E Power,A109,11761,H2T,,,,
e486cf,PP-JMA,AgustaWestland,A.109E Power,A109,11792,H2T,,,,
e4876e,PP-JRV,AgustaWestland,A.109S Grand,A109,22175,H2T,,,,
e487be,PP-CMF,AgustaWestland,A.109S Grand,A109,22171,H2T,,,,
e4886c,PP-KLG,AgustaWestland,A.109E Power,A109,11744,H2T,,,,
e48978,PR-ROS,AgustaWestland,AW109SP,A109,22219,H2T,,,,
e489c4,PT-TOY,AgustaWestland,A.109E Power,A109,11624,H2T,,,,
e489d5,PR-ADJ,AgustaWestland,AW109SP,A109,22229,H2T,,,,
e48a22,PT-FJM,AgustaWestland,A.109S Grand,A109,22094,H2T,,,,
e48a56,PP-BBD,AgustaWestland,AW109SP,A109,22232,H2T,,,,
e48ba4,PP-BEB,AgustaWestland,AW109SP,A109,22260,H2T,,,,
e48c0c,PR-KYY,AgustaWestland,AW109SP,A109,22269,H2T,,,,
e48c2e,PR-GRJ,AgustaWestland,AW109SP,A109,22264,H2T,,,,
e48c7c,PP-FFA,AgustaWestland,AW109SP,A109,22274,H2T,,,,
e48ce8,PP-CRG,AgustaWestland,AW109SP,A109,22276,H2T,,,,
e48d47,PR-RTT,AgustaWestland,AW109SP,A109,22273,H2T,,,,
e48dd4,PR-YQW,AgustaWestland,A.109E Power,A109,11830,H2T,,,,
e48e16,PP-AGN,AgustaWestland,AW109SP,A109,22277,H2T,,,,
e48e37,PT-MTX,AgustaWestland,AW109SP,A109,22293,H2T,,,,
e49008,PT-SST,AgustaWestland,AW109SP,A109,22328,H2T,,,,
e490e9,PP-CFO,AgustaWestland,AW109SP,A109,22220,H2T,,,,
e49153,PR-BGX,AgustaWestland,AW139,A139,31492,H2T,,,,
e49154,PR-BGY,AgustaWestland,AW139,A139,31551,H2T,,,,
e49155,PR-BGZ,AgustaWestland,AW139,A139,31552,H2T,,,,
e49164,PR-PMS,AgustaWestland,AW139,A139,31071,H2T,,,,
e49175,PR-RSV,AgustaWestland,AW139,A139,41004,H2T,,,,
e491d4,PR-AEH,AgustaWestland,AW139,A139,41002,H2T,ERH,,,
e492ca,PT-FPS,AgustaWestland,AW109SP,A109,22358,H2T,,,,
e8064a,C-21,AgustaWestland,A.109E Power,A109,11696,H2T,,,,
e8064b,C-22,AgustaWestland,A.109E Power,A109,11697,H2T,,,,
e8064c,C-23,AgustaWestland,A.109E Power,A109,11699,H2T,,,,
e8064d,C-24,AgustaWestland,A.109E Power,A109,11702,H2T,,,,
e80845,CC-AKD,AgustaWestland,A.109E Power,A109,11176,H2T,,,,
e80925,CC-ACK,AgustaWestland,A.109S Grand,A109,22170,H2T,,,,
e8092c,CC-AEA,AgustaWestland,AW119 Mk II,A119,14764,H1T,,,,
e8093b,CC-AEX,AgustaWestland,AW119,A119,14518,H1T,,,,
e80943,CC-AHY,AgustaWestland,AW109SP,A109,22279,H2T,,,,
e8094c,CC-AKW,AgustaWestland,AW119 Mk II,A119,14813,H1T,,,,
e80964,CC-ANZ,AgustaWestland,A.109S Grand,A109,22085,H2T,,,,
