icao_code,iata_code,manufacturer,name,description,wtc,service_ceiling,absolute_ceiling,approach_speed,cruise_speed,maximum_speed,fuselage_height,fuselage_width,height,length,wing_area,wingspan,main_rotor_area,main_rotor_diameter,fuel_capacity,operating_range,mlw,mrw,mtow,mzfw,type_certificate
A002,,Irkut,A-002,G1P,L,,,,,,,,,,,,,,,,,,,,
A1,,Douglas,A-1 Skyraider,L1P,M,28500,,,172,280,,,4.78,11.84,37.19,15.25,,,1400,1144,,,,,
A10,,Fairchild,A-10 Thunderbolt II,L2J,M,,,,,,,,,,,,,,,,,,,,
A109,,AgustaWestland,A.109,H2T,L,,,,,,,,,,,,,,,,,,,,
A119,,AgustaWestland,AW119,H1T,L,,,,,,,,,,,,,,,,,,,,
A122,,Aerotec,A-122 Uirapuru,L1P,L,,,,,,,,,,,,,,,,,,,,
A124,A4F,Antonov,An-124 Ruslan,L4J,H,,,124,,,,,,,,73.15,,,,,,,,,
A129,,AgustaWestland,A.129,H2T,L,,,,,,,,,,,,,,,,,,,,
A139,,AgustaWestland,AW139,H2T,L,,,,,,,,,,,,,,,,,,,,
A140,A40,Antonov,An-140,L2T,M,,,230,,,,,,,,25.30,,,,,,,,,
A148,A81,Antonov,An-148,L2J,M,,,,,,,,,,,,,,,,,,,,
A149,,AgustaWestland,AW149,H2T,M,,,,,,,,,,,,,,,,,,,,
A158,A58,Antonov,An-158,L2J,M,,,,,,,,,,,,,,,,,,,,
A169,,AgustaWestland,AW169,H2T,L,,,,,,,,,,,,,,,,,,,,
A178,,Antonov,An-178,L2J,M,,,,,,,,,,,,,,,,,,,,
A189,,AgustaWestland,AW189,H2T,M,,,,,,,,,,,,,,,,,,,,
A19,,Aeroprakt,A-19,L1P,L,,,,,,,,,,,,,,,,,,,,
A19N,31N,Airbus,A319neo,L2J,M,,39100,,,,3.95,3.95,11.76,33.84,,34.10,,,,,62800,64400,64000,58800,https://www.easa.europa.eu/document-library/type-certificates/aircraft-cs-25-cs-22-cs-23-cs-vla-cs-lsa/easaa064
A20,,Douglas,A-20 Havoc,L2P,M,23700,,,240,282,,,5.53,14.63,43.10,18.68,,,1500,821,,,,,
A20N,32N,Airbus,A320neo,L2J,M,,39100,,,,3.95,3.95,11.76,37.57,,34.10,,,,,66300,73900,73500,62800,https://www.easa.europa.eu/document-library/type-certificates/aircraft-cs-25-cs-22-cs-23-cs-vla-cs-lsa/easaa064
A21,,Aeroprakt,A-21 Solo,L1P,L,,,,,,,,,,,,,,,,,,,,
A21N,32Q,Airbus,A321neo,L2J,M,,39100,,,,3.95,3.95,11.76,44.51,,34.10,,,,,73500,83400,83000,69500,https://www.easa.europa.eu/document-library/type-certificates/aircraft-cs-25-cs-22-cs-23-cs-vla-cs-lsa/easaa064
A22,,Sadler,A-22 Piranha,L1P,L,,,,,,,,,,,,,,,,,,,,
A225,A25,Antonov,An-225 Mriya,L6J,H,,,,,,,,,,,,,,,,,,,,
A23,,Aeroprakt,A-23 Dragon,L1P,L,,,,,,,,,,,,,,,,,,,,
A25,,Aeroprakt,A-25 Breeze,A1P,L,,,,,,,,,,,,,,,,,,,,
A27,,Aeroprakt,A-27,L1P,L,,,,,,,,,,,,,,,,,,,,
A270,,Ibis Aerospace,Ae 270 Ibis,L1T,L,,,,,,,,,,,,,,,,,,,,
A29,,Avantage,A-29,L1P,L,10000,12000,,80,100,,,3.00,6.60,,10.10,,,,,,,800,,
A3,,Douglas,A-3 Skywarrior,L2J,M,41000,,,520,530,,,6.95,23.27,75.40,22.10,,,,1825,,,37195,,
A306,AB6,Airbus,A300-600,L2J,H,,,137,,,,,,,,,,,,,,,,,https://www.easa.europa.eu/document-library/type-certificates/aircraft-cs-25-cs-22-cs-23-cs-vla-cs-lsa/easaa172
A30B,AB3,Airbus,A300B,L2J,H,,,137,,,,,,,,,,,,,,,,,https://www.easa.europa.eu/document-library/type-certificates/aircraft-cs-25-cs-22-cs-23-cs-vla-cs-lsa/easaa172
A31,,Avantage,A-31 Spectrum,L1P,L,13000,15000,,90,120,,,2.70,7.90,,13.60,,,,,,,1400,,
A310,310,Airbus,A310,L2J,H,,,139,,,,,,,,,,,,,,,,,https://www.easa.europa.eu/document-library/type-certificates/aircraft-cs-25-cs-22-cs-23-cs-vla-cs-lsa/easaa172
A318,318,Airbus,A318,L2J,M,,39800,121,,,3.95,3.95,12.79,31.45,,34.10,,,,,56000,59400,59000,53000,https://www.easa.europa.eu/document-library/type-certificates/aircraft-cs-25-cs-22-cs-23-cs-vla-cs-lsa/easaa064
A319,319,Airbus,A319,L2J,M,,39100,126,,,3.95,3.95,11.76,33.84,,34.10,,,,,61000,64400,64000,57000,https://www.easa.europa.eu/document-library/type-certificates/aircraft-cs-25-cs-22-cs-23-cs-vla-cs-lsa/easaa064
A320,320,Airbus,A320,L2J,M,,39100,136,,,3.95,3.95,11.76,37.57,,34.10,,,,,64500,73900,73500,60500,https://www.easa.europa.eu/document-library/type-certificates/aircraft-cs-25-cs-22-cs-23-cs-vla-cs-lsa/easaa064
A321,321,Airbus,A321,L2J,M,,39100,140,,,3.95,3.95,11.76,44.51,,34.10,,,,,77300,89400,89000,73300,https://www.easa.europa.eu/document-library/type-certificates/aircraft-cs-25-cs-22-cs-23-cs-vla-cs-lsa/easaa064
A33,,Aeroprakt,A-33 Dragon,L1P,L,,,,,,,,,,,,,,,,,,,,
A332,332,Airbus,A330-200,L2J,H,,41450,136,,,5.64,5.64,17.38,58.82,,60.30,,,,,180000,,230000,168000,https://www.easa.europa.eu/document-library/type-certificates/aircraft-cs-25-cs-22-cs-23-cs-vla-cs-lsa/easaa004
A333,333,Airbus,A330-300,L2J,H,,41450,137,,,5.64,5.64,16.83,63.66,,60.30,,,,,174000,,212000,164000,https://www.easa.europa.eu/document-library/type-certificates/aircraft-cs-25-cs-22-cs-23-cs-vla-cs-lsa/easaa004
A337,,Airbus,A330-743L Beluga XL,L2J,H,,35200,,,,10.49,8.80,18.95,63.12,,60.30,,,,,187000,,227000,178000,https://www.easa.europa.eu/document-library/type-certificates/aircraft-cs-25-cs-22-cs-23-cs-vla-cs-lsa/easaa004
A338,338,Airbus,A330-800neo,L2J,H,,41450,,,,5.64,5.64,17.38,58.82,,64.00,,,,,186000,,242000,172000,https://www.easa.europa.eu/document-library/type-certificates/aircraft-cs-25-cs-22-cs-23-cs-vla-cs-lsa/easaa004
A339,339,Airbus,A330-900neo,L2J,H,,41450,,,,5.64,5.64,16.79,63.66,,64.00,,,,,191000,,242000,177000,https://www.easa.europa.eu/document-library/type-certificates/aircraft-cs-25-cs-22-cs-23-cs-vla-cs-lsa/easaa004
A342,342,Airbus,A340-200,L4J,H,,41100,136,,,5.64,5.64,16.83,59.39,,60.30,,,,,181000,,235500,169000,https://www.easa.europa.eu/document-library/type-certificates/aircraft-cs-25-cs-22-cs-23-cs-vla-cs-lsa/easaa015
A343,343,Airbus,A340-300,L4J,H,,41450,138,,,5.64,5.64,16.63,63.66,,60.30,,,,,186000,,235500,174000,https://www.easa.europa.eu/document-library/type-certificates/aircraft-cs-25-cs-22-cs-23-cs-vla-cs-lsa/easaa015
A345,345,Airbus,A340-500,L4J,H,,41450,146,,,5.64,5.64,17.11,67.33,,63.45,,,,,240000,,368000,225000,https://www.easa.europa.eu/document-library/type-certificates/aircraft-cs-25-cs-22-cs-23-cs-vla-cs-lsa/easaa015
A346,346,Airbus,A340-600,L4J,H,,41450,153,,,5.64,5.64,17.29,74.77,,63.45,,,,,265000,,365000,242000,https://www.easa.europa.eu/document-library/type-certificates/aircraft-cs-25-cs-22-cs-23-cs-vla-cs-lsa/easaa015
A35,,Avantage,A-35 Scanner,L1P,L,10000,12000,,80,100,,,3.00,6.70,,10.20,,,,480,,,800,,
A359,359,Airbus,A350-900,L2J,H,,,140,,,,,,,,,,,,,205000,,268000,192000,https://www.easa.europa.eu/document-library/type-certificates/aircraft-cs-25-cs-22-cs-23-cs-vla-cs-lsa/easaa151
A35K,351,Airbus,A350-1000,L2J,H,,,,,,,,,,,,,,,,233000,,308000,220000,https://www.easa.europa.eu/document-library/type-certificates/aircraft-cs-25-cs-22-cs-23-cs-vla-cs-lsa/easaa151
A37,,Cessna,A-37 Dragonfly,L2J,L,,,127,,,,,,,,10.67,,,,,,,,,
A388,388,Airbus,A380-800,L4J,H,,,145,,,,,,,,,,,,,386000,562000,560000,361000,https://www.easa.europa.eu/document-library/type-certificates/aircraft-cs-25-cs-22-cs-23-cs-vla-cs-lsa/easaa110
A3ST,ABB,Airbus,A300-600ST Beluga,L2J,H,,,137,,,,,,,,,,,,,140000,155900,155000,130000,https://www.easa.europa.eu/document-library/type-certificates/aircraft-cs-25-cs-22-cs-23-cs-vla-cs-lsa/easaa014
A4,,Douglas,A-4 Skyhawk,L1J,M,,,,,585,,,4.62,12.23,24.00,8.38,,,,1008,,,11113,,
A400,,Airbus Defence and Space,A400M Atlas,L4T,H,,,,,,,,,,,,,,,,,,,,
A6,,Grumman,A-6 Intruder,L2J,M,,,,,,,,,,,,,,,,,,,,
A743,,Antonov,An-74-300,L2J,M,,,,,,,,,,,,,,,,,,,,
A748,HS7,Hawker Siddeley,HS 748,L2T,M,,,94,,,,,,,,31.09,,,,,,,,,
AA1,,Grumman American,AA-1,L1P,L,,,66,,,,,,,,7.32,,,,,,,,,
AA37,,Aeroprakt,A-37,L2P,L,,,,,,,,,,,,,,,,,,,,
AA5,,Grumman American,AA-5,L1P,L,,,68,,,,,,,,9.45,,,,,,,,,
AB11,,Aero Boero,AB-115,L1P,L,,,47,,,,,,,,10.67,,,,,,,,,
AB15,,Aero Boero,AB-150,L1P,L,,,52,,,,,,,,10.67,,,,,,,,,
AB18,,Aero Boero,AB-180,L1P,L,,,52,,,,,,,,10.67,,,,,,,,,
AB95,,Aero Boero,AB-95,L1P,L,,,34,,,,,,,,10.36,,,,,,,,,
ADVN,,Adventure Air,Adventurer,A1P,L,15000,,,110,137,,,,7.77,16.63,10.92,,,230,740,,,,,
AEST,,Piper,PA-60 Aerostar,L2P,L,,,104,,,,,,,,10.97,,,,,,,,,
AMX,,AMX International,AMX,L1J,M,,,,,,,,,,,,,,,,,,,,
AN12,ANF,Antonov,An-12,L4T,M,,,127,,,,,,,,37.80,,,,,,,,,
AN2,,Antonov,An-2,L1P,L,,,34,,,,,,,,17.98,,,,,,,,,
AN22,,Antonov,An-22 Antei,L4T,H,,,,,,,,,,,,,,,,,,,,
AN24,AN4,Antonov,An-24,L2T,M,,,,,,,,,,,,,,,,,,,,
AN26,A26,Antonov,An-26,L2T,M,,,121,,,,,,,,28.96,,,,,,,,,
AN28,A28,Antonov,An-28,L2T,L,,,,,,,,,,,,,,,,,,,,
AN3,,Antonov,An-3,L1T,L,,,,,,,,,,,,,,,,,,,,
AN30,A30,Antonov,An-30,L2T,M,,,,,,,,,,,,,,,,,,,,
AN32,A32,Antonov,An-32,L2T,M,,,,,,,,,,,,,,,,,,,,
AN38,,Antonov,An-38,L2T,M,,,,,,,,,,,,,,,,,,,,
AN70,,Antonov,An-70,L4T,M,,,,,,,,,,,,,,,,,,,,
AN72,AN7,Antonov,An-72,L2J,M,,,97,,,,,,,,31.70,,,,,,,,,
AN8,,Antonov,An-8,L2T,M,,,,,,,,,,,,,,,,,,,,
AP20,,Aeroprakt,A-20 Vista,L1P,L,,,,,,,,,,,,,,,,,,,,
AP22,,Aeroprakt,A-22 Foxbat,L1P,L,,,,,,,,,,,,,,,,,,,,
AP24,,Aeroprakt,A-24 Viking,A1P,L,,,,,,,,,,,,,,,,,,,,
AP26,,Aeroprakt,A-26 Vulcan,L2P,L,,,,,,,,,,,,,,,,,,,,
AP28,,Aeroprakt,A-28 Victor,L2P,L,,,,,,,,,,,,,,,,,,,,
AP32,,Aeroprakt,A-32 Vixxen,L1P,L,,,,,,,,,,,,,,,,,,,,
AP36,,Aeroprakt,A-36 Super Vulcan,L2P,L,,,,,,,,,,,,,,,,,,,,
AS32,,Airbus Helicopters,H215,H2T,M,,20000,,136,167,4.94,3.79,,15.53,,,191.03,15.60,2043,346,,,8600,,https://www.easa.europa.eu/document-library/type-certificates/rotorcraft-cs-29-cs-27-cs-vlr/easar002
AS50,,Airbus Helicopters,H125,H1T,M,,23000,,140,155,3.14,1.87,,10.93,,,89.75,10.69,540,340,,,2250,,https://www.easa.europa.eu/document-library/type-certificates/rotorcraft-cs-29-cs-27-cs-vlr/easar008
AS55,,Airbus Helicopters,AS355 Écureuil 2,H2T,L,,16000,,121,150,3.14,1.87,,10.93,,,89.75,10.69,730,380,,,2540,,https://www.easa.europa.eu/document-library/type-certificates/rotorcraft-cs-29-cs-27-cs-vlr/easar146
AS65,,Airbus Helicopters,AS365 Dauphin,H2T,L,,15000,,145,150,3.27,3.17,,10.98,,,111.98,11.94,640,498,,,4300,,https://www.easa.europa.eu/document-library/type-certificates/rotorcraft-cs-29-cs-27-cs-vlr/easar105
AT43,AT4,ATR,42-300,L2T,M,,,104,,,,,,,,24.38,,,,,16000,16170,16150,14800,https://www.easa.europa.eu/document-library/type-certificates/aircraft-cs-25-cs-22-cs-23-cs-vla-cs-lsa/easaa084
AT44,,ATR,42-400,L2T,M,,,104,,,,,,,,24.38,,,,,17600,18070,17900,16300,https://www.easa.europa.eu/document-library/type-certificates/aircraft-cs-25-cs-22-cs-23-cs-vla-cs-lsa/easaa084
AT45,AT5,ATR,42-500,L2T,M,,,104,,,,,,,,24.38,,,,,18300,18770,18600,16700,https://www.easa.europa.eu/document-library/type-certificates/aircraft-cs-25-cs-22-cs-23-cs-vla-cs-lsa/easaa084
AT46,ATR,ATR,42-600,L2T,M,,,,,,,,,,,,,,,,18300,18770,18600,16700,https://www.easa.europa.eu/document-library/type-certificates/aircraft-cs-25-cs-22-cs-23-cs-vla-cs-lsa/easaa084
AT72,AT7,ATR,72-200,L2T,M,,,114,,,,,,,,26.82,,,,,21350,21530,21500,19700,https://www.easa.europa.eu/document-library/type-certificates/aircraft-cs-25-cs-22-cs-23-cs-vla-cs-lsa/easaa084
AT73,AT7,ATR,72-210,L2T,M,,,,,,,,,,,,,,,,21350,21530,21500,19700,https://www.easa.europa.eu/document-library/type-certificates/aircraft-cs-25-cs-22-cs-23-cs-vla-cs-lsa/easaa084
AT75,,ATR,72-500,L2T,M,,,,,,,,,,,,,,,,21850,22180,22000,20000,https://www.easa.europa.eu/document-library/type-certificates/aircraft-cs-25-cs-22-cs-23-cs-vla-cs-lsa/easaa084
AT76,,ATR,72-600,L2T,M,,,,,,,,,,,,,,,,21850,22180,22000,20000,https://www.easa.europa.eu/document-library/type-certificates/aircraft-cs-25-cs-22-cs-23-cs-vla-cs-lsa/easaa084
B06,,Bell,206,H1T,L,,,,,,,,,,,,,,,,,,,,
B06T,,Bell,206LT TwinRanger,H2T,L,,,,,,,,,,,,,,,,,,,,
B105,,MBB,Bo 105,H2T,L,,,,,,,,,,,,,,,,,,,,
B17,,Boeing,B-17 Flying Fortress,L4P,M,,,,,,,,,,,,,,,,,,,,
B2,,Northrop Grumman,B-2 Spirit,L4J,H,,,140,,,,,,,,52.43,,,,,,,,,
B212,BH2,Bell,212,H2T,L,,,,,,,,,,,,,,,,,,,,
B214,,Bell,214,H1T,M,,,,,,,,,,,,,,,,,,,,
B222,,Bell,222,H2T,L,,,,,,,,,,,,,,,,,,,,
B23,,Douglas,B-23 Dragon,L2P,M,31600,,,180,245,,,5.63,17.80,92.30,28.04,,,,1200,,,14696,,
B230,,Bell,230,H2T,L,,,,,,,,,,,,,,,,,,,,
B26,,Douglas,A-26 Invader,L2P,M,28500,,,231,312,,,5.64,15.00,50.00,21.00,,,3500,1400,,,15876,,
B29,,Boeing,B-29 Superfortress,L4P,M,,,,,,,,,,,,,,,,,,,,
B37M,7M7,Boeing,737 MAX 7,L2J,M,,41000,,453,,4.01,3.76,12.29,35.56,127.00,35.92,,,25817,3850,,,,,
B38M,7M8,Boeing,737 MAX 8,L2J,M,,41000,,453,,4.01,3.76,12.29,39.52,127.00,35.92,,,25817,3550,69308,82417,82190,65952,https://www.easa.europa.eu/document-library/type-certificates/aircraft-cs-25-cs-22-cs-23-cs-vla-cs-lsa/easaima120
B39M,7M9,Boeing,737 MAX 9,L2J,M,,41000,,453,,4.01,3.76,12.29,42.16,127.00,35.92,,,25817,3550,74343,88541,88314,70987,https://www.easa.europa.eu/document-library/type-certificates/aircraft-cs-25-cs-22-cs-23-cs-vla-cs-lsa/easaima120
B3JM,7MJ,Boeing,737 MAX 10,L2J,M,,41000,,453,,4.01,3.76,12.29,43.80,127.00,35.92,,,25817,3300,,,,,
B407,,Bell,407,H1T,L,,,,,,,,,,,,,,,,,,,,
B412,,Bell,412,H2T,L,,,,,,,,,,,,,,,,,,,,
B427,,Bell,427,H2T,L,,,,,,,,,,,,,,,,,,,,
B429,,Bell,429 GlobalRanger,H2T,L,,,,,,,,,,,,,,,,,,,,
B430,,Bell,430,H2T,L,,,,,,,,,,,,,,,,,,,,
B461,141,British Aerospace,BAe 146-100,L4J,M,31000,35000,121,404,426,,,8.61,26.19,77.30,26.34,,,11728,2090,32817,34700,34473,29483,https://www.easa.europa.eu/document-library/type-certificates/aircraft-cs-25-cs-22-cs-23-cs-vla-cs-lsa/easaa182
B462,142,British Aerospace,BAe 146-200,L4J,M,31000,35000,122,404,426,,,8.61,28.55,77.30,26.34,,,11728,1970,35153,40823,40596,32204,https://www.easa.europa.eu/document-library/type-certificates/aircraft-cs-25-cs-22-cs-23-cs-vla-cs-lsa/easaa182
B463,143,British Aerospace,BAe 146-300,L4J,M,31000,35000,123,404,426,,,8.59,31.00,77.30,26.34,,,11728,1800,37648,43318,43091,35153,https://www.easa.europa.eu/document-library/type-certificates/aircraft-cs-25-cs-22-cs-23-cs-vla-cs-lsa/easaa182
B47G,,Bell,47/H-13 Sioux,H1P,L,,,,,,,,,,,,,,,,,,,,
B47J,,Bell,47J Ranger,H1P,L,,,,,,,,,,,,,,,,,,,,
B505,,Bell,505 Jet Ranger X,H1T,L,,,,,,,,,,,,,,,,,,,,
B52,,Boeing,B-52 Stratofortress,L8J,H,,,141,,,,,,,,56.39,,,,,,,,,
B701,,Boeing,707-100,L4J,M,,,,540,,,3.76,12.70,44.22,226.30,39.88,,,65590,3000,,,123500,,
B703,703,Boeing,707-300,L4J,H,,,128,525,,,3.76,12.85,46.61,283.00,43.41,,,90160,3750,,,141700,,
B712,717,Boeing,717-200,L2J,M,,37000,139,444,,,3.34,9.00,37.80,,28.40,,,13903,,45362,,49895,42638,
B720,B72,Boeing,720,L4J,M,,42000,137,,,,3.76,12.62,41.50,,39.88,,,60900,5200,,,104000,,
B721,721,Boeing,727-100,L3J,M,,42000,124,495,519,,,10.44,40.59,153.00,32.92,,,29069,2250,,,76700,,
B722,722,Boeing,727-200,L3J,M,,42000,133,467,519,,,10.65,46.68,153.00,32.92,,,30620,1900,,,78100,,
B731,731,Boeing,737-100,L2J,M,,37000,140,430,473,4.01,3.76,11.28,28.65,91.04,28.35,,,17865,1540,48534,58331,58105,44905,https://www.easa.europa.eu/document-library/type-certificates/aircraft-cs-25-cs-22-cs-23-cs-vla-cs-lsa/easaima120
B732,732,Boeing,737-200,L2J,M,,37000,129,430,473,4.01,3.76,11.28,30.48,91.04,28.35,,,22596,2600,48534,58331,58105,44905,https://www.easa.europa.eu/document-library/type-certificates/aircraft-cs-25-cs-22-cs-23-cs-vla-cs-lsa/easaima120
B733,733,Boeing,737-300,L2J,M,,37000,135,430,473,4.01,3.76,11.13,33.40,91.04,28.88,,,20100,2255,52888,63502,63276,49713,https://www.easa.europa.eu/document-library/type-certificates/aircraft-cs-25-cs-22-cs-23-cs-vla-cs-lsa/easaima120
B734,734,Boeing,737-400,L2J,M,,37000,139,430,473,4.01,3.76,11.13,36.45,91.04,28.88,,,20100,2060,56245,68265,68038,53070,https://www.easa.europa.eu/document-library/type-certificates/aircraft-cs-25-cs-22-cs-23-cs-vla-cs-lsa/easaima120
B735,735,Boeing,737-500,L2J,M,,37000,128,430,473,4.01,3.76,11.13,31.01,91.04,28.88,,,20100,2375,49895,61915,61688,46720,https://www.easa.europa.eu/document-library/type-certificates/aircraft-cs-25-cs-22-cs-23-cs-vla-cs-lsa/easaima120
B736,736,Boeing,737-600,L2J,M,,41000,125,453,,4.01,3.76,12.57,31.20,124.60,34.32,,,26024,,54657,66224,65997,51709,https://www.easa.europa.eu/document-library/type-certificates/aircraft-cs-25-cs-22-cs-23-cs-vla-cs-lsa/easaima120
B737,73G,Boeing,737-700,L2J,M,,41000,130,453,,4.01,3.76,12.57,32.18,124.60,34.32,,,26024,,58604,70306,70080,55202,https://www.easa.europa.eu/document-library/type-certificates/aircraft-cs-25-cs-22-cs-23-cs-vla-cs-lsa/easaima120
B738,738,Boeing,737-800,L2J,M,,41000,142,453,,4.01,3.76,12.57,39.50,124.60,34.32,,,26024,,66360,79333,79015,62731,https://www.easa.europa.eu/document-library/type-certificates/aircraft-cs-25-cs-22-cs-23-cs-vla-cs-lsa/easaima120
B739,739,Boeing,737-900,L2J,M,,41000,141,453,,4.01,3.76,12.57,42.10,124.60,34.32,,,26024,,66814,79242,79015,63639,https://www.easa.europa.eu/document-library/type-certificates/aircraft-cs-25-cs-22-cs-23-cs-vla-cs-lsa/easaima120
B741,741,Boeing,747-100,L4J,H,,45100,144,507,,,,19.30,70.60,511.00,59.60,,,183380,4620,265350,334750,333400,238816,https://www.easa.europa.eu/document-library/type-certificates/aircraft-cs-25-cs-22-cs-23-cs-vla-cs-lsa/easaima196
B742,742,Boeing,747-200,L4J,H,,45100,150,507,,,,19.30,70.60,511.00,59.60,,,199158,6560,285762,379202,377842,247207,https://www.easa.europa.eu/document-library/type-certificates/aircraft-cs-25-cs-22-cs-23-cs-vla-cs-lsa/easaima196
B743,743,Boeing,747-300,L4J,H,,45100,142,507,,,,19.30,70.60,511.00,59.60,,,199158,6330,285762,379202,377842,247207,https://www.easa.europa.eu/document-library/type-certificates/aircraft-cs-25-cs-22-cs-23-cs-vla-cs-lsa/easaima196
B744,744,Boeing,747-400,L4J,H,,45100,157,504,,,,19.40,70.60,525.00,64.44,,,216840,7670,285762,397800,396893,246754,https://www.easa.europa.eu/document-library/type-certificates/aircraft-cs-25-cs-22-cs-23-cs-vla-cs-lsa/easaima196
B748,748,Boeing,747-8,L4J,H,,43100,150,504,,,,19.40,76.30,554.00,68.50,,,240410,7730,312072,449056,447696,295289,https://www.easa.europa.eu/document-library/type-certificates/aircraft-cs-25-cs-22-cs-23-cs-vla-cs-lsa/easaima196
B74D,74J,Boeing,747-400D,L4J,H,,,,,,,,,,,,,,,,,,,,
B74R,74R,Boeing,747SR,L4J,H,,,,,,,,,,,,,,,,,,,,
B74S,74L,Boeing,747SP,L4J,H,,45100,140,,,,,20.20,56.25,511.00,59.60,,,,5830,215465,318875,315700,192776,https://www.easa.europa.eu/document-library/type-certificates/aircraft-cs-25-cs-22-cs-23-cs-vla-cs-lsa/easaima196
B752,752,Boeing,757-200,L2J,M,,42000,137,461,496,,3.76,13.74,47.32,185.25,38.02,,,43490,7250,90000,109315,108862,83500,https://www.easa.europa.eu/document-library/type-certificates/aircraft-cs-25-cs-22-cs-23-cs-vla-cs-lsa/easaima205
B753,753,Boeing,757-300,L2J,M,,42000,143,461,496,,3.76,13.60,54.40,185.25,38.02,,,43400,6295,101605,124057,123830,95254,https://www.easa.europa.eu/document-library/type-certificates/aircraft-cs-25-cs-22-cs-23-cs-vla-cs-lsa/easaima205
B762,762,Boeing,767-200,L2J,H,,43100,135,486,,5.41,5.03,15.85,48.51,283.30,47.57,,,63200,3900,129274,175994,175540,117934,https://www.easa.europa.eu/document-library/type-certificates/aircraft-cs-25-cs-22-cs-23-cs-vla-cs-lsa/easaima035
B763,763,Boeing,767-300,L2J,H,,43100,140,486,,5.41,5.03,15.85,54.94,283.30,47.57,,,63200,3900,145149,185519,184612,130634,https://www.easa.europa.eu/document-library/type-certificates/aircraft-cs-25-cs-22-cs-23-cs-vla-cs-lsa/easaima035
B764,764,Boeing,767-400,L2J,H,,43100,150,486,,5.41,5.03,16.80,51.90,290.70,61.40,,,91400,5625,158757,204569,204116,149685,https://www.easa.europa.eu/document-library/type-certificates/aircraft-cs-25-cs-22-cs-23-cs-vla-cs-lsa/easaima035
B772,772,Boeing,777-200,L2J,H,,43100,136,482,511,6.20,6.20,18.50,63.73,427.80,60.90,,,,5240,201848,248115,247207,190508,https://www.easa.europa.eu/document-library/type-certificates/aircraft-cs-25-cs-22-cs-23-cs-vla-cs-lsa/easaima003
B773,773,Boeing,777-300,L2J,H,,43100,140,482,511,6.20,6.20,18.50,73.86,427.80,60.90,,,,6030,237682,300278,299370,224528,https://www.easa.europa.eu/document-library/type-certificates/aircraft-cs-25-cs-22-cs-23-cs-vla-cs-lsa/easaima003
B778,778,Boeing,777-8,L2J,H,,,,,,6.20,6.20,19.48,69.80,466.60,71.75,,,198000,,,,351500,,
B779,779,Boeing,777-9,L2J,H,,,,,,6.20,6.20,19.68,76.73,466.60,71.75,,,198000,,266000,,351500,256000,
B77L,77L,Boeing,777-200LR,L2J,H,,43100,,482,511,6.20,6.20,18.60,63.73,427.80,64.80,,,,8555,223167,341101,340194,209106,https://www.easa.europa.eu/document-library/type-certificates/aircraft-cs-25-cs-22-cs-23-cs-vla-cs-lsa/easaima003
B77W,77W,Boeing,777-300ER,L2J,H,,43100,149,482,511,6.20,6.20,18.50,73.86,427.80,64.80,,,,7370,251290,341101,340194,239250,https://www.easa.europa.eu/document-library/type-certificates/aircraft-cs-25-cs-22-cs-23-cs-vla-cs-lsa/easaima003
B788,788,Boeing,787-8 Dreamliner,L2J,H,,43100,140,488,516,5.75,5.75,16.92,56.72,377.00,60.12,,,126206,7355,172365,228383,227930,161100,https://www.easa.europa.eu/document-library/type-certificates/aircraft-cs-25-cs-22-cs-23-cs-vla-cs-lsa/easaima115
B789,789,Boeing,787-9 Dreamliner,L2J,H,,43100,140,488,516,5.75,5.75,17.02,62.00,377.00,60.12,,,126356,7635,192776,254692,254011,181436,https://www.easa.europa.eu/document-library/type-certificates/aircraft-cs-25-cs-22-cs-23-cs-vla-cs-lsa/easaima115
B78X,78J,Boeing,787-10 Dreamliner,L2J,H,,41100,,488,516,5.75,5.75,17.02,68.30,377.00,60.12,,,126356,6430,201848,254692,254011,192777,https://www.easa.europa.eu/document-library/type-certificates/aircraft-cs-25-cs-22-cs-23-cs-vla-cs-lsa/easaima115
BCAT,,Grumman,F8F Bearcat,L1P,L,,,,,,,,,,,,,,,,,,,,
BCS1,CS1,Airbus,A220-100,L2J,M,,41000,130,,,,,11.80,34.90,,35.10,,,,,52390,61235,60781,50349,https://www.easa.europa.eu/document-library/type-certificates/aircraft-cs-25-cs-22-cs-23-cs-vla-cs-lsa/easaima570
BCS3,CS3,Airbus,A220-300,L2J,M,,41000,135,,,,,11.50,38.70,,35.10,,,,,58740,68039,67585,55792,https://www.easa.europa.eu/document-library/type-certificates/aircraft-cs-25-cs-22-cs-23-cs-vla-cs-lsa/easaima570
BE10,,Beechcraft,Model 100 King Air,L2T,L,,,111,,,,,,,,13.72,,,,,,,,,
BE17,,Beechcraft,Model 17 Staggerwing,L1P,L,,,,,,,,,,,,,,,,,,,,
BE18,,Beechcraft,Model 18 Twin Beech,L2P,L,,,87,,,,,,,,,,,,,,,,,
BE19,,Beechcraft,Model 19 Musketeer Sport,L1P,L,,,,,,,,,,,,,,,,,,,,
BE20,,Beechcraft,Model 200 King Air,L2T,L/M,,,98,,,,,,,,,,,,,,,,,
BE23,,Beechcraft,Model 23 Musketeer,L1P,L,,,,,,,,,,,,,,,,,,,,
BE24,,Beechcraft,Model 24 Sierra,L1P,L,,,,,,,,,,,,,,,,,,,,
BE30,,Beechcraft,Model 300 King Air,L2T,L,,,107,,,,,,,,,,,,,,,,,
BE33,,Beechcraft,Model 33 Debonair/Bonanza,L1P,L,,,69,,,,,,,,,,,,,,,,,
BE35,,Beechcraft,Model 35 Bonanza,L1P,L,,,72,,,,,,,,,,,,,,,,,
BE36,,Beechcraft,Model 36 Bonanza,L1P,L,,,77,,,,,,,,,,,,,,,,,
BE40,,Beechcraft,Model 400 Beechjet,L2J,M,,,100,,,,,,,,,,,,,,,,,
BE4W,,Nextant Aerospace,400XT,L2J,M,,,,,,,,,,,,,,,,,,,,
BE50,,Beechcraft,Model 50 Twin Bonanza,L2P,L,,,,,,,,,,,,,,,,,,,,
BE55,,Beechcraft,Model 55 Baron,L2P,L,,,88,,,,,,,,,,,,,,,,,
BE56,,Beechcraft,Model 56 Turbo Baron,L2P,L,,,91,,,,,,,,,,,,,,,,,
BE58,,Beechcraft,Model 58 Baron,L2P,L,,,95,,,,,,,,,,,,,,,,,
BE60,,Beechcraft,Model 60 Duke,L2P,L,,,98,,,,,,,,,,,,,,,,,
BE65,,Beechcraft,Model 65 Queen Air,L2P,L,,,87,,,,,,,,,,,,,,,,,
BE70,,Beechcraft,Model 70 Queen Air,L2P,L,,,87,,,,,,,,,,,,,,,,,
BE76,,Beechcraft,Model 76 Duchess,L2P,L,,,76,,,,,,,,,,,,,,,,,
BE77,,Beechcraft,Model 77 Skipper,L1P,L,,,63,,,,,,,,,,,,,,,,,
BE80,,Beechcraft,Model 80 Queen Air,L2P,L,,,87,,,,,,,,,,,,,,,,,
BE88,,Beechcraft,Model 88 Queen Air,L2P,L,,,87,,,,,,,,,,,,,,,,,
BE95,,Beechcraft,Model 95 Travel Air,L2P,L,,,79,,,,,,,,,,,,,,,,,
BE99,,Beechcraft,Model 99 Airliner,L2T,L,,,107,,,,,,,,,,,,,,,,,
BE9L,,Beechcraft,Model 90 King Air,L2T,L,,,98,,,,,,,,,,,,,,,,,
BE9T,,Beechcraft,Model 90 King Air (F90),L2T,L,,,108,,,,,,,,,,,,,,,,,
BLCF,74B,Boeing,747-400LCF Dreamlifter,L4J,H,,,,,,,,,,,,,,,,,,,,
BMAN,,Australian Aircraft Kits,Bushman,L1P,L,12000,,36,90,100,,,,9.80,,9.00,,,120,810,,,,,
BSCA,,Boeing,747SCA Shuttle Carrier,L4J,H,,,,,,,,,,,,,,,,,,,,
BSTP,,Bell,214ST SuperTransport,H2T,M,,,,,,,,,,,,,,,,,,,,
BT36,,Beechcraft,Model 36 Bonanza (G36),L1P,L,,,,,,,,,,,,,,,,,,,,
BU31,,Bücker,Bü 131 Jungmann,L1P,L,14100,,30,92,99,,,2.25,6.62,13.50,7.40,,,,350,,,,,
BU33,,Bücker,Bü 133 Jungmeister,L1P,L,14800,,30,110,120,,,2.20,6.00,12.00,6.60,,,,270,,,,,
BU81,,Bücker,Bü 181 Bestmann,L1P,L,16000,,30,105,116,,,2.05,7.85,13.50,10.60,,,,430,,,750,,
C02T,,Cessna,402 (turbine),L2T,L,,,88,,,,,,,,,,,,,,,,,
C04T,,Cessna,404 (turbine),L2T,L,,,,,,,,,,,,,,,,,,,,
C06T,,Cessna,206 (turbine),L1T,L,,,74,,,,,,,,,,,,,,,,,
C07T,,Cessna,207 (turbine),L1T,L,,,,,,,,,,,,,,,,,,,,
C101,,CASA,C-101,L1J,L,42000,,,354,450,,,4.25,12.50,20.00,10.60,,,,1100,,,,,
C10T,,Cessna,P210 (turbine),L1T,L,,,,,,,,,,,,,,,,,,,,
C120,,Cessna,120,L1P,L,,,,,,,,,,,,,,,,,,,,
C125,,Northrop,C-125 Raider,L3P,M,,,,,,,,,,,,,,,,,,,,
C130,LOH,Lockheed,C-130 Hercules,L4T,M,,,129,,,,,,,,,,,,,,,,,
C133,,Douglas,C-133 Cargomaster,L4T,M,29950,,,281,312,,,14.70,47.01,248.30,54.78,,,,3560,,,129727,,
C135,,Boeing,C-135 Stratolifter,L4J,H,,,,,,,,,,,,,,,,,,,,
C140,,Cessna,140,L1P,L,,,,,,,,,,,,,,,,,,,,
C141,,Lockheed,C-141 Starlifter,L4J,H,,,129,,,,,,,,,,,,,,,,,
C14T,,Cessna,414 (turbine),L2T,L,,,,,,,,,,,,,,,,,,,,
C15,,McDonnell Douglas,YC-15,L4J,M,,,,,,,,,,,,,,,,,,,,
C150,,Cessna,150,L1P,L,,,55,,,,,,,,,,,,,,,,,
C152,,Cessna,152,L1P,L,,,56,,,,,,,,,,,,,,,,,
C162,,Cessna,162 Skycatcher,L1P,L,,,61,,,,,,,,,,,,,,,,,
C17,,McDonnell Douglas,C-17 Globemaster III,L4J,H,,,,,,,,,,,,,,,,,,,,
C170,,Cessna,170,L1P,L,,,59,,,,,,,,,,,,,,,,,
C172,CN1,Cessna,172 Skyhawk,L1P,L,,,62,,,,,,,,,,,,,,,,,
C175,,Cessna,175 Skylark,L1P,L,,,56,,,,,,,,,,,,,,,,,
C177,,Cessna,177 Cardinal,L1P,L,,,52,,,,,,,,,,,,,,,,,
C180,,Cessna,180 Skywagon,L1P,L,,,64,,,,,,,,,,,,,,,,,
C182,CN1,Cessna,182 Skylane,L1P,L,,,,,,,,,,,,,,,,,,,,
C185,,Cessna,185 Skywagon,L1P,L,,,64,,,,,,,,,,,,,,,,,
C188,,Cessna,188,L1P,L,,,65,,,,,,,,,,,,,,,,,
C190,,Cessna,190,L1P,L,,,,,,,,,,,,,,,,,,,,
C195,,Cessna,195 Businessliner,L1P,L,,,,,,,,,,,,,,,,,,,,
C2,,Grumman,C-2 Greyhound,L2T,M,,,,,,,,,,,,,,,,,,,,
C205,,Cessna,205,L1P,L,,,52,,,,,,,,,,,,,,,,,
C206,,Cessna,206,L1P,L,,,70,,,,,,,,,,,,,,,,,
C207,,Cessna,207,L1P,L,,,102,,,,,,,,,,,,,,,,,
C208,CN1,Cessna,208 Caravan,L1T,L,,,77,,,,,,,,,,,,,,,,,
C210,CN1,Cessna,210 Centurion,L1P,L,,,,,,,,,,,,,,,,,,,,
C212,,Airbus Defence and Space,C212,L2T,M,26000,25000,81,195,200,,,6.59,16.15,41.00,20.27,,,2000,1330,8100,,8100,,
C21T,,Cessna,421 Golden Eagle (turbine),L2T,L,,,,,,,,,,,,,,,,,,,,
C240,,Cessna,T240 Corvalis TTx,L1P,L,,,,,,,,,,,,,,,,,,,,
C25A,,Cessna,525A CitationJet CJ2,L2J,L,,,114,,,,,,,,,,,,,,,,,
C25B,,Cessna,525B CitationJet CJ3,L2J,L,,,108,,,,,,,,,,,,,,,,,
C25C,,Cessna,525C CitationJet CJ4,L2J,L,,,111,,,,,,,,,,,,,,,,,
C25M,,Cessna,525 Citation M2,L2J,L,,,100,,,,,,,,,,,,,,,,,
C295,,Airbus Defence and Space,C295,L2T,M,,25000,180,,245,,,8.66,24.50,60.00,25.81,,,8532,2000,20700,21050,21000,18500,https://www.easa.europa.eu/document-library/type-certificates/aircraft-cs-25-cs-22-cs-23-cs-vla-cs-lsa/easaa186
C303,,Cessna,T303 Crusader,L2P,L,,,81,,,,,,,,,,,,,,,,,
C30J,,Lockheed Martin,C-130J Super Hercules,L4T,M,,,,,,,,,,,,,,,,,,,,
C310,,Cessna,310,L2P,L,,,82,,,,,,,,,,,,,,,,,
C320,,Cessna,320 Skyknight,L2P,L,,,82,,,,,,,,,,,,,,,,,
C335,,Cessna,335,L2P,L,,,,,,,,,,,,,,,,,,,,
C336,,Cessna,336 Skymaster,L2P,L,,,,,,,,,,,,,,,,,,,,
C337,,Cessna,337 Super Skymaster,L2P,L,,,70,,,,,,,,,,,,,,,,,
C340,,Cessna,340,L2P,L,,,94,,,,,,,,,,,,,,,,,
C402,,Cessna,402,L2P,L,,,90,,,,,,,,,,,,,,,,,
C404,,Cessna,404 Titan,L2P,L,,,96,,,,,,,,,,,,,,,,,
C411,,Cessna,411,L2P,L,,,94,,,,,,,,,,,,,,,,,
C414,,Cessna,414,L2P,L,,,95,,,,,,,,,,,,,,,,,
C421,,Cessna,421 Golden Eagle,L2P,L,,,96,,,,,,,,,,,,,,,,,
C425,,Cessna,425 Corsair/Conquest I,L2T,L,,,98,,,,,,,,,,,,,,,,,
C441,,Cessna,441 Conquest II,L2T,L,,,98,,,,,,,,,,,,,,,,,
C5,,Lockheed,C-5 Galaxy,L4J,H,,,135,,,,,,,,,,,,,,,,,
C500,CNJ,Cessna,500 Citation I,L2J,L,,,,,,,,,,,,,,,,,,,,
C501,,Cessna,501 Citation I/SP,L2J,L,,,,,,,,,,,,,,,,,,,,
C510,CNJ,Cessna,510 Citation Mustang,L2J,L,,,105,,,,,,,,,,,,,,,,,
C525,,Cessna,525 CitationJet,L2J,L,,,108,,,,,,,,,,,,,,,,,
C526,,Cessna,526 CitationJet,L2J,L,,,107,,,,,,,,,,,,,,,,,
C550,CNJ,Cessna,550 Citation II,L2J,L,,,,,,,,,,,,,,,,,,,,
C551,,Cessna,551 Citation II/SP,L2J,L,,,,,,,,,,,,,,,,,,,,
C55B,,Cessna,550B Citation Bravo,L2J,L,,,,,,,,,,,,,,,,,,,,
C560,,Cessna,560 Citation V,L2J,M,,,107,,,,,,,,,,,,,,,,,
C56X,CNJ,Cessna,560XL Citation Excel,L2J,M,,,107,,,,,,,,,,,,,,,,,
C5M,,Lockheed,C-5M Super Galaxy,L4J,H,,,,,,,,,,,,,,,,,,,,
C650,,Cessna,650 Citation III,L2J,M,,,126,,,,,,,,,,,,,,,,,
C680,CNJ,Cessna,680 Citation Sovereign,L2J,M,,,108,,,,,,,,,,,,,,,,,
C68A,,Cessna,680A Citation Latitude,L2J,M,,,,,,,,,,,,,,,,,,,,
C700,,Cessna,700 Citation Longitude,L2J,M,,,,,,,,,,,,,,,,,,,,
C72R,,Cessna,172RG Cutlass,L1P,L,,,,,,,,,,,,,,,,,,,,
C750,CNJ,Cessna,750 Citation X,L2J,M,,,112,,,,,,,,,,,,,,,,,
C77R,,Cessna,177RG Cardinal,L1P,L,,,65,,,,,,,,,,,,,,,,,
C82R,,Cessna,R182 Skylane RG,L1P,L,,,,,,,,,,,,,,,,,,,,
C82S,,Cessna,T182 Turbo Skylane,L1P,L,,,,,,,,,,,,,,,,,,,,
C82T,,Cessna,TR182 Turbo Skylane RG,L1P,L,,,,,,,,,,,,,,,,,,,,
C97,,Boeing,C-97 Stratofreighter,L4P,M,,,105,,,,,,,,,,,,,,,,,
CAW,,Cessna,Model A,L1P,L,,,,,,,,,,,,,,,,,,,,
CDC6,,Cessna,DC-6,L1P,L,,,,,,,,,,,,,,,,,,,,
CL30,,Bombardier,Challenger 300,L2J,M,,45000,117,459,470,,,6.20,20.90,48.50,19.40,,,7934,3100,15309,17532,17463,11839,https://www.easa.europa.eu/document-library/type-certificates/aircraft-cs-25-cs-22-cs-23-cs-vla-cs-lsa/easaima080
CL35,,Bombardier,Challenger 350,L2J,M,,45000,,459,477,,,6.20,20.90,48.50,19.40,,,7934,3200,15309,17532,17463,11839,https://www.easa.europa.eu/document-library/type-certificates/aircraft-cs-25-cs-22-cs-23-cs-vla-cs-lsa/easaima080
CL60,CCJ,Bombardier,Challenger 600,L2J,M,,,125,,,,,,,,,,,,,,,18643,,https://www.easa.europa.eu/document-library/type-certificates/aircraft-cs-25-cs-22-cs-23-cs-vla-cs-lsa/easaima023
CMAS,,Cessna,Airmaster,L1P,L,,,,,,,,,,,,,,,,,,,,
CN35,,Airbus Defence and Space,CN235,L2T,M,25000,30000,160,245,,,,8.18,21.40,60.00,25.81,,,5220,2730,16500,,16500,,https://www.easa.europa.eu/document-library/type-certificates/aircraft-cs-25-cs-22-cs-23-cs-vla-cs-lsa/easaa186
CNGP,,Cessna,NGP,L1P,L,,,,,,,,,,,,,,,,,,,,
COL3,,Cessna,350 Corvalis,L1P,L,,,78,,,,,,,,,,,,,,,,,
COL4,,Cessna,400 Corvalis TT,L1P,L,,,78,,,,,,,,,,,,,,,,,
CONI,L49,Lockheed,C-121 Constellation,L4P,M,,,,,,,,,,,,,,,,,,,,
CRJ1,CR1,Bombardier,CRJ-100,L2J,M,41000,,140,424,460,2.69,2.69,6.22,26.77,48.35,21.21,,,8082,1650,21319,23247,23133,19958,https://www.easa.europa.eu/document-library/type-certificates/aircraft-cs-25-cs-22-cs-23-cs-vla-cs-lsa/easaima673
CRJ2,CR2,Bombardier,CRJ-200,L2J,M,41000,,140,424,460,2.69,2.69,6.22,26.77,48.35,21.21,,,8082,1700,21319,23247,23133,19958,https://www.easa.europa.eu/document-library/type-certificates/aircraft-cs-25-cs-22-cs-23-cs-vla-cs-lsa/easaima673
CRJ7,CR7,Bombardier,CRJ-700,L2J,M,41000,,135,447,473,2.70,2.70,7.60,32.30,70.60,23.20,,,10989,1378,30391,33113,32999,28260,https://www.easa.europa.eu/document-library/type-certificates/aircraft-cs-25-cs-22-cs-23-cs-vla-cs-lsa/easaima673
CRJ9,CR9,Bombardier,CRJ-900,L2J,M,41000,,,447,470,2.70,2.70,7.50,36.20,71.10,24.90,,,10989,1553,33339,36628,36514,31751,https://www.easa.europa.eu/document-library/type-certificates/aircraft-cs-25-cs-22-cs-23-cs-vla-cs-lsa/easaima673
CRJX,CRK,Bombardier,CRJ-1000,L2J,M,41000,,,447,470,2.70,2.70,7.50,39.10,74.40,26.20,,,11117,1622,36968,41050,40823,35153,https://www.easa.europa.eu/document-library/type-certificates/aircraft-cs-25-cs-22-cs-23-cs-vla-cs-lsa/easaima673
CRUZ,,Czech Sport Aircraft,SportCruiser,L1P,L,,,,,,,,,,,,,,,,,,,,
CUB2,,Aces High,Cuby 2,L1P,L,,,,,86,,,1.77,5.56,15.00,10.21,,,,124,,,,,
D11,,Jodel,D-11,L1P,L,,,,,,,,,,,,,,,,,,,,
DC10,D10,McDonnell Douglas,DC-10,L3J,H,,,138,,,,,,,,,,,,,,,,,
DC2,,Douglas,DC-2,L2P,M,22450,,,170,180,,,4.97,18.89,87.20,25.91,,,,870,,,,,
DC3,D3F,Douglas,DC-3,L2P,M,23200,,77,180,200,,,5.16,19.70,91.70,29.00,,,3736,,,,,,
DC3S,,Douglas,Super DC-3,L2P,M,,,,,,,,,,,,,,,,,,,,
DC3T,,Douglas,DC-3 (turbine),L2T,M,,,77,,,,,,,,,,,,,,,,,
DC4,,Douglas,DC-4,L4P,M,,,94,214,240,,,8.38,28.60,136.00,35.81,,,10860,2900,,,33112,,
DC6,D6F,Douglas,DC-6,L4P,M,,,108,270,,,,8.66,30.66,135.90,35.81,,,16100,3983,,,44100,,
DC7,,Douglas,DC-7,L4P,M,21700,,110,301,353,,,9.65,34.21,152.10,38.86,,,29620,4897,49000,,64864,,
DC85,D8T,McDonnell Douglas,DC-8-50,L4J,H,,,137,,,,,,,,,,,,,,,,,
DC86,D8L,McDonnell Douglas,DC-8-60,L4J,H,,,,,,,,,,,,,,,,,,,,
DC87,D8Q,McDonnell Douglas,DC-8-70,L4J,H,,,,,,,,,,,,,,,,,,,,
DC91,D91,McDonnell Douglas,DC-9-10,L2J,M,,,132,,,,,,,,,,,,,,,,,
DC92,D92,McDonnell Douglas,DC-9-20,L2J,M,,,126,,,,,,,,,,,,,,,,,
DC93,D93,McDonnell Douglas,DC-9-30,L2J,M,,,132,,,,,,,,,,,,,,,,,
DC94,D94,McDonnell Douglas,DC-9-40,L2J,M,,,132,,,,,,,,,,,,,,,,,
DC95,D95,McDonnell Douglas,DC-9-50,L2J,M,,,132,,,,,,,,,,,,,,,,,
E110,EMB,Embraer,EMB-110 Bandeirante,L2T,L,,,92,,,,,,,,,,,,,,,,,
E120,EM2,Embraer,EMB-120 Brasilia,L2T,M,,,113,,,,,,,,,,,,,,,,,
E121,,Embraer,EMB-121 Xingu,L2T,L,,,99,,,,,,,,,,,,,,,,,
E135,ERD,Embraer,ERJ-135,L2J,M,,,124,,,,,,,,,,,,,,,,,
E145,ER4,Embraer,ERJ-145,L2J,M,,,124,,,,,,,,,,,,,,,,,
E170,E70,Embraer,E170,L2J,M,,,124,,,,,,,,,,,,,,,,,
E190,E90,Embraer,E190,L2J,M,,,124,,,,,,,,,,,,,,,,,
E195,E95,Embraer,E195,L2J,M,,,,,,,,,,,,,,,,,,,,
E2,,Grumman,E-2 Hawkeye,L2T,M,,,,,,,,,,,,,,,,,,,,
E314,,Embraer,EMB-314 Super Tucano,L1T,L,,,104,,,,,,,,,,,,,,,,,
E350,,Cessna,E350,L1T,L,,,,,,,,,,,,,,,,,,,,
E35L,ER3,Embraer,EMB-135BJ Legacy 600,L2J,M,,,124,,,,,,,,,,,,,,,,,
E3CF,,Boeing,E-3 Sentry (CFM56 engines),L4J,H,,,,,,,,,,,,,,,,,,,,
E3TF,,Boeing,E-3 Sentry (TF33 engines),L4J,H,,,,,,,,,,,,,,,,,,,,
E45X,,Embraer,ERJ-145XR,L2J,M,,,124,,,,,,,,,,,,,,,,,
E50P,EP1,Embraer,EMB-500 Phenom 100,L2J,L,,,100,,,,,,,,,,,,,,,,,
E530,,Cessna,E530 Scorpion,L2J,M,,,,,,,,,,,,,,,,,,,,
E545,,Embraer,EMB-545 Legacy 450,L2J,M,,,,,,,,,,,,,,,,,,,,
E550,,Embraer,EMB-550 Legacy 500,L2J,M,,,,,,,,,,,,,,,,,,,,
E55P,EP3,Embraer,EMB-505 Phenom 300,L2J,M,,,116,,,,,,,,,,,,,,,,,
E6,,Boeing,E-6 Mercury,L4J,H,,,,,,,,,,,,,,,,,,,,
E737,,Boeing,E-7A Wedgetail,L2J,M,,,,,,,,,,,,,,,,,,,,
E75L,E7W,Embraer,E175 (Long wings),L2J,M,,,,,,,,,,,,,,,,,,,,
E75S,E7W,Embraer,E175 (Short wings),L2J,M,,,,,,,,,,,,,,,,,,,,
E767,,Boeing,E-767,L2J,H,,,,,,,,,,,,,,,,,,,,
EC20,,Airbus Helicopters,H120 Colibri,H1T,L,17000,20000,,122,150,3.40,1.50,,9.60,,,78.54,10.00,410,383,,,1715,,https://www.easa.europa.eu/document-library/type-certificates/rotorcraft-cs-29-cs-27-cs-vlr/easar508
EC25,,Airbus Helicopters,H225,H2T,M,,20000,,142,175,4.97,3.96,,16.49,,,206.02,16.20,2588,454,,,11000,,https://www.easa.europa.eu/document-library/type-certificates/rotorcraft-cs-29-cs-27-cs-vlr/easar002
EC30,,Airbus Helicopters,H130,H1T,L,,23000,,128,155,3.61,2.03,,10.68,,,89.75,10.69,540,327,,,2500,,https://www.easa.europa.eu/document-library/type-certificates/rotorcraft-cs-29-cs-27-cs-vlr/easar008
EC35,,Airbus Helicopters,H135,H2T,L,,20000,,135,140,3.35,1.56,,5.87,,,81.70,10.20,680,342,,,2980,,https://www.easa.europa.eu/document-library/type-certificates/rotorcraft-cs-29-cs-27-cs-vlr/easar009
EC45,,Airbus Helicopters,H145,H2T,L,,20000,,129,150,3.45,1.85,,6.19,,,95.00,11.00,879,351,,,3800,,https://www.easa.europa.eu/document-library/type-certificates/rotorcraft-cs-29-cs-27-cs-vlr/easar010
EC55,,Airbus Helicopters,H155,H2T,L,,15000,,144,175,4.35,3.48,,12.47,,,124.70,12.60,1280,428,,,4920,,https://www.easa.europa.eu/document-library/type-certificates/rotorcraft-cs-29-cs-27-cs-vlr/easar105
EC75,,Airbus Helicopters,H175,H2T,L,,15000,,144,175,4.84,3.35,,15.68,,,171.95,14.80,2616,590,,,7800,,https://www.easa.europa.eu/document-library/type-certificates/rotorcraft-cs-29-cs-27-cs-vlr/easar150
EFAN,,Airbus,E-Fan,L2E,L,,,,,,,,,,,,,,,,,,,,
ERCO,,ERCO,Ercoupe,L1P,L,,,55,,,,,,,,,,,,,,,,,
EUFI,,Eurofighter,Typhoon,L2J,M,,,,,,,,,,,,,,,,,,,,
EXPL,,MD Helicopters,MD-900 Explorer,H2T,L,,,,,,,,,,,,,,,,,,,,
F104,,Lockheed,F-104 Starfighter,L1J,M,,,,,,,,,,,,,,,,,,,,
F111,,Grumman,EF-111A Raven,L2J,M,,,,,,,,,,,,,,,,,,,,
F117,,Lockheed,F-117 Nighthawk,L2J,M,,,,,,,,,,,,,,,,,,,,
F14,,Grumman,F-14 Tomcat,L2J,M,,,,,,,,,,,,,,,,,,,,
F15,,McDonnell Douglas,F-15 Eagle,L2J,M,,,,,,,,,,,,,,,,,,,,
F16,,General Dynamics,F-16 Fighting Falcon,L1J,M,,,,,,,,,,,,,,,,,,,,
F16X,,General Dynamics,F-16XL Fighting Falcon,L1J,M,,,,,,,,,,,,,,,,,,,,
F18H,,McDonnell Douglas,F/A-18 Hornet,L2J,M,,,,,,,,,,,,,,,,,,,,
F18S,,Boeing,F/A-18E/F Super Hornet,L2J,M,,,,,,,,,,,,,,,,,,,,
F22,,Lockheed Martin,F-22 Raptor,L2J,M,,,,,,,,,,,,,,,,,,,,
F2TH,D20,Dassault,Falcon 2000,L2J,M,,,105,,,,,,,,,,,,,,,,,
F35,,Lockheed Martin,F-35A Lightning II,L1J,M,,,,,,,,,,,,,,,,,,,,
F3F,,Grumman,F3F,L1P,L,,,,,,,,,,,,,,,,,,,,
F4,,McDonnell Douglas,F-4 Phantom II,L2J,M,,,,,,,,,,,,,,,,,,,,
F406,,Cessna,F406 Caravan II,L2T,L,,,,,,,,,,,,,,,,,,,,
F5,,Northrop,F-5,L2J,M,,,,,,,,,,,,,,,,,,,,
F9F,,Grumman,F9F Panther,L1J,L,,,,,,,,,,,,,,,,,,,,
FA5X,,Dassault,Falcon 5X,L2J,M,,,,,,,,,,,,,,,,,,,,
FA7X,DF7,Dassault,Falcon 7X,L3J,M,,,104,,,,,,,,,,,,,,,,,
FA8X,,Dassault,Falcon 8X,L3J,M,,,,,,,,,,,,,,,,,,,,
G159,GRS,Grumman,G-159 Gulfstream I,L2T,M,,,,,,,,,,,,,,,,,,,,
G164,,Grumman,G-164 Ag Cat,L1P,L,,,,,,,,,,,,,,,,,,,,
G21,,Grumman,G-21 Goose,A2P,L,,,,,,,,,,,,,,,,,,,,
G44,,Grumman,G-44 Widgeon,A2P,L,,,,,,,,,,,,,,,,,,,,
G64T,,Grumman,G-164 Turbo Ag Cat,L1T,L,,,,,,,,,,,,,,,,,,,,
G73,,Grumman,G-73 Mallard,A2P,L,,,,,,,,,,,,,,,,,,,,
G73T,,Grumman,G-73T Turbo Mallard,A2T,L,,,,,,,,,,,,,,,,,,,,
G96,,Grumman,G-96 Trader,L2P,M,,,,,,,,,,,,,,,,,,,,
G97,,Grumman,G-97 Spotter,L1P,L,,,,,,,,,,,,,,,,,,,,
GA7,,Gulfstream American,GA-7 Cougar,L2P,L,,,82,,,,,,,,,,,,,,,,,
GL5T,,Bombardier,Global 5000,L2J,M,41000,51000,108,487,504,,,7.80,29.50,94.80,28.70,,,20294,5200,35652,42071,41957,26308,https://www.easa.europa.eu/document-library/type-certificates/aircraft-cs-25-cs-22-cs-23-cs-vla-cs-lsa/easaima009
GL7T,,Bombardier,Global 7000,L2J,M,43000,51000,,487,507,,,8.20,33.88,116.50,31.70,,,23362,7700,39735,52208,52095,30617,https://www.easa.europa.eu/document-library/type-certificates/aircraft-cs-25-cs-22-cs-23-cs-vla-cs-lsa/easaima009
GLEX,CCX,Bombardier,Global Express,L2J,M,41000,51000,108,487,504,,,7.80,30.30,94.80,28.70,,,24333,6000,35652,45246,45132,26308,https://www.easa.europa.eu/document-library/type-certificates/aircraft-cs-25-cs-22-cs-23-cs-vla-cs-lsa/easaima009
GLF2,,Grumman,G-1159 Gulfstream II,L2J,M,,,125,,,,,,,,,,,,,,,,,
H160,,Airbus Helicopters,H160,H2T,L,,20000,,138,170,4.91,3.54,,13.96,,,140.95,13.40,1440,475,,,6050,,https://www.easa.europa.eu/document-library/type-certificates/rotorcraft-cs-29-cs-27-cs-vlr/easar516
H269,,Huges,269/TH-55 Osage,H1P,L,,,,,,,,,,,,,,,,,,,,
H46,,Boeing,CH-46 Sea Knight,H2T,M,,,,,,,,,,,,,,,,,,,,
H47,,Boeing,CH-47 Chinook,H2T,M,,,,,,,,,,,,,,,,,,,,
H500,,MD Helicopters,MD-500,H1T,L,,,,,,,,,,,,,,,,,,,,
H53,,Sikorsky,CH-53 Sea Stallion,H2T,M,,,,,,,,,,,,,,,,,,,,
H53S,,Sikorsky,CH-53E Super Stallion,H3T,M,,,,,,,,,,,,,,,,,,,,
H60,,Sikorsky,H-60,H2T,M,,,,,,,,,,,,,,,,,,,,
H64,,Boeing,AH-64 Apache,H2T,M,,,,,,,,,,,,,,,,,,,,
HAR,,McDonnell Douglas,AV-8B Harrier II,L1J,M,,,,,,,,,,,,,,,,,,,,
HAWK,,McDonnell Douglas,T-45 Goshawk,L1J,M,,,,,,,,,,,,,,,,,,,,
HCAT,,Grumman,F6F Hellcat,L1P,L,,,,,,,,,,,,,,,,,,,,
HRNT,,Australian Aircraft Kits,Hornet,L1P,L,,,46,76,97,,,,,11.90,8.90,,,80,,,,,,
HUCO,,Bell,AH-1 HueyCobra,H1T,L,,,,,,,,,,,,,,,,,,,,
IPAN,,Embraer,EMB 200 Ipanema,L1P,L,,,65,,,,,,,,,,,,,,,,,
J2,,Piper,J-2 Cub,L1P,L,,,,,,,,,,,,,,,,,,,,
J3,,Piper,J-3 Cub,L1P,L,,,43,,,,,,,,,,,,,,,,,
J4,,Piper,J-4 Cub Coupe,L1P,L,,,,,,,,,,,,,,,,,,,,
J5,,Piper,J-5 Cub Cruiser,L1P,L,,,,,,,,,,,,,,,,,,,,
JCRU,,AASI,Jetcruzer,L1T,L,30000,,,310,320,,,3.20,12.85,17.95,9.19,,,,1478,,,2268,,
K35E,,Boeing,KC-135 Stratotanker (TF33 engines),L4J,H,,,,,,,,,,,,,,,,,,,,
K35R,,Boeing,KC-135 Stratotanker (CFM56 engines),L4J,H,,,,,,,,,,,,,,,,,,,,
KC39,,Embraer,KC-390,L2J,M,,,,,,,,,,,,,,,,,,,,
L10,,Lockheed,L-10 Electra,L2P,L,,,,,,,,,,,,,,,,,,,,
L101,L10,Lockheed,L-1011 TriStar,L3J,H,,,138,,,,,,,,,,,,,,,,,
L12,,Lockheed,L-12 Electra Junior,L2P,L,,,,,,,,,,,,,,,,,,,,
L14,,Lockheed,L-14 Super Electra,L2P,M,,,,,,,,,,,,,,,,,,,,
L18,,Lockheed,L-18 Lodestar,L2P,M,,,,,,,,,,,,,,,,,,,,
L188,LOE,Lockheed,L-188 Electra,L4T,M,,,,,,,,,,,,,,,,,,,,
L29A,,Lockheed,L-1329 Jetstar,L4J,M,,,132,,,,,,,,,,,,,,,,,
L29B,,Lockheed,L-1329 Jetstar II,L4J,M,,,,,,,,,,,,,,,,,,,,
L37,,Lockheed,Ventura,L2P,M,,,,,,,,,,,,,,,,,,,,
LA60,,Aermacchi,AL-60,L1P,L,22000,,61,120,150,,,3.25,8.79,19.54,11.84,,,322,478,,,1746,,
M10,,Mooney,M-10 Cadet,L1P,L,,,52,,,,,,,,,,,,,,,,,
M10F,,Mooney,M-10T,L1P,L,,,,,,,,,,,,,,,,,,,,
M10R,,Mooney,M-10J,L1P,L,,,,,,,,,,,,,,,,,,,,
M20P,,Mooney,M20,L1P,L,,,65,,,,,,,,,,,,,,,,,
M20T,,Mooney,M20 Turbo,L1P,L,,,77,,,,,,,,,,,,,,,,,
M22,,Mooney,M-22 Mustang,L1P,L,,,78,,,,,,,,,,,,,,,,,
M326,,Aermacchi,MB-326,L1J,L,,,103,,,,,,,,,,,,,,,,,
M600,,Piper,M600,L1T,L,,,,,,,,,,,,,,,,,,,,
MD11,M11,McDonnell Douglas,MD-11,L3J,H,,,,,,,,,,,,,,,,,,,,
MD52,,MD Helicopters,MD-520,H1T,L,,,,,,,,,,,,,,,,,,,,
MD60,,MD Helicopters,MD-600,H1T,L,,,,,,,,,,,,,,,,,,,,
MD81,M81,McDonnell Douglas,MD-81,L2J,M,,,,,,,,,,,,,,,,,,,,
MD82,M82,McDonnell Douglas,MD-82,L2J,M,,,134,,,,,,,,,,,,,,,,,
MD83,M83,McDonnell Douglas,MD-83,L2J,M,,,144,,,,,,,,,,,,,,,,,
MD87,M87,McDonnell Douglas,MD-87,L2J,M,,,,,,,,,,,,,,,,,,,,
MD88,M88,McDonnell Douglas,MD-88,L2J,M,,,144,,,,,,,,,,,,,,,,,
MD90,M90,McDonnell Douglas,MD-90,L2J,M,,,138,,,,,,,,,,,,,,,,,
MIR2,,Dassault,Mirage 2000,L1J,M,,,175,,,,,,,,,,,,,,,,,
MIRA,,Dassault,Mirage,L1J,M,,,,,,,,,,,,,,,,,,,,
MITE,,Mooney,M-18 Mite,L1P,L,,,51,,,,,,,,,,,,,,,,,
MRF1,,Dassault,Mirage F1,L1J,M,,,,,,,,,,,,,,,,,,,,
NMCU,,ENAER,Ñamcú,L1P,L,,,,,,,,,,,,,,,,,,,,
O1,,Cessna,O-1 Bird Dog,L1P,L,,,,,,,,,,,,,,,,,,,,
O3,,Lockheed,YO-3 Quiet Star,L1P,L,,,,,,,,,,,,,,,,,,,,
P2,,Lockheed,P-2 Neptune,L2P,M,,,,,,,,,,,,,,,,,,,,
P210,,Cessna,P210 Pressurized Centurion,L1P,L,,,,,,,,,,,,,,,,,,,,
P28A,,Piper,PA-28 Cherokee,L1P,L,,,60,,,,,,,,,,,,,,,,,
P28B,,Piper,PA-28 Dakota/Pathfinder,L1P,L,,,62,,,,,,,,,,,,,,,,,
P28R,,Piper,PA-28 Cherokee Arrow,L1P,L,,,73,,,,,,,,,,,,,,,,,
P28S,,Piper,PA-28 Turbo Arrow III,L1P,L,,,,,,,,,,,,,,,,,,,,
P28T,,Piper,PA-28 Arrow IV,L1P,L,,,73,,,,,,,,,,,,,,,,,
P28U,,Piper,PA-28 Turbo Arrow IV,L1P,L,,,,,,,,,,,,,,,,,,,,
P3,,Lockheed,P-3 Orion,L4T,M,,,134,,,,,,,,,,,,,,,,,
P32R,,Piper,PA-32 Saratoga/Lance,L1P,L,,,,,,,,,,,,,,,,,,,,
P32T,,Piper,PA-32 Lance 2,L1P,L,,,,,,,,,,,,,,,,,,,,
P337,,Cessna,P337 Pressurized Skymaster,L2P,L,,,,,,,,,,,,,,,,,,,,
P38,,Lockheed,P-38 Lightning,L2P,M,,,,,,,,,,,,,,,,,,,,
P39,,Bell,P-39 Airacobra,L1P,L,,,,,,,,,,,,,,,,,,,,
P46T,,Piper,M500,L1T,L,,,75,,,,,,,,,,,,,,,,,
P61,,Northrop,P-61 Black Widow,L2P,M,,,,,,,,,,,,,,,,,,,,
P63,,Bell,P-63 Kingcobra,L1P,L,,,,,,,,,,,,,,,,,,,,
P8,,Boeing,P-8A Poseidon,L2J,M,,,,,,,,,,,,,,,,,,,,
PA11,,Piper,PA-11 Cub Special,L1P,L,,,,,,,,,,,,,,,,,,,,
PA12,,Piper,PA-12 Super Cruiser,L1P,L,,,,,,,,,,,,,,,,,,,,
PA14,,Piper,PA-14 Family Cruiser,L1P,L,,,,,,,,,,,,,,,,,,,,
PA15,,Piper,PA-15 Vagabond,L1P,L,,,,,,,,,,,,,,,,,,,,
PA16,,Piper,PA-16 Clipper,L1P,L,,,,,,,,,,,,,,,,,,,,
PA17,,Piper,PA-17 Vagabond Trainer,L1P,L,,,,,,,,,,,,,,,,,,,,
PA18,,Piper,PA-18 Super Cub,L1P,L,,,48,,,,,,,,,,,,,,,,,
PA20,,Piper,PA-20 Pacer,L1P,L,,,,,,,,,,,,,,,,,,,,
PA22,,Piper,PA-22 Tri-Pacer,L1P,L,,,,,,,,,,,,,,,,,,,,
PA23,,Piper,PA-23 Apache,L2P,L,,,,,,,,,,,,,,,,,,,,
PA24,,Piper,PA-24 Comanche,L1P,L,,,75,,,,,,,,,,,,,,,,,
PA25,,Piper,PA-25 Pawnee,L1P,L,,,,,,,,,,,,,,,,,,,,
PA27,,Piper,PA-23 Aztec,L2P,L,,,,,,,,,,,,,,,,,,,,
PA30,,Piper,PA-30 Twin Comanche,L2P,L,,,,,,,,,,,,,,,,,,,,
PA31,PA2,Piper,PA-31 Navajo,L2P,L,,,79,,,,,,,,,,,,,,,,,
PA32,,Piper,PA-32 Saratoga,L1P,L,,,78,,,,,,,,,,,,,,,,,
PA34,,Piper,PA-34 Seneca,L2P,L,,,81,,,,,,,,,,,,,,,,,
PA36,,Piper,PA-36 Pawnee Brave,L1P,L,,,,,,,,,,,,,,,,,,,,
PA38,,Piper,PA-38 Tomahawk,L1P,L,,,,,,,,,,,,,,,,,,,,
PA44,,Piper,PA-44 Seminole,L2P,L,,,66,,,,,,,,,,,,,,,,,
PA46,PAG,Piper,PA-46 Malibu Mirage,L1P,L,,,75,,,,,,,,,,,,,,,,,
PA47,,Piper,PA-47 PiperJet,L1J,L,,,,,,,,,,,,,,,,,,,,
PAT4,,Piper,PA-31T3-500 T-1040,L2T,L,,,100,,,,,,,,,,,,,,,,,
PAY1,,Piper,Cheyenne,L2T,L,,,92,,,,,,,,,,,,,,,,,
PAY2,,Piper,Cheyenne 2,L2T,L,,,98,,,,,,,,,,,,,,,,,
PAY3,,Piper,Cheyenne 3,L2T,L,,,113,,,,,,,,,,,,,,,,,
PAY4,,Piper,Cheyenne 400,L2T,L,,,109,,,,,,,,,,,,,,,,,
PILL,,ENAER,T-35 Pillán,L1P,L,,,,,,,,,,,,,,,,,,,,
Q4,,Northrop Grumman,RQ-4 Global Hawk,L1J,M,,,,,,,,,,,,,,,,,,,,
R4,,Sikorsky,R-4 Hoverfly,H1P,L,,,,,,,,,,,,,,,,,,,,
RALL,,Morane-Saulnier,Rallye,L1P,L,,,,,,,,,,,,,,,,,,,,
RFAL,,Dassault,Rafale,L2J,M,,,,,,,,,,,,,,,,,,,,
S108,,Stinson,108,L1P,L,,,,,,,,,,,,,,,,,,,,
S2P,,Grumman,S-2 Tracker,L2P,M,,,,,,,,,,,,,,,,,,,,
S2T,,Grumman,S-2 Turbo Tracker,L2T,M,,,,,,,,,,,,,,,,,,,,
S3,,Lockheed,S-3 Viking,L2J,M,,,,,,,,,,,,,,,,,,,,
S330,,Sikorsky,S-333,H1T,L,,,,,,,,,,,,,,,,,,,,
S38,,Sikorsky,S-38,A2P,L,,,,,,,,,,,,,,,,,,,,
S39,,Sikorsky,S-39,A1P,L,,,,,,,,,,,,,,,,,,,,
S434,,Sikorsky,S-434,H1T,L,,,,,,,,,,,,,,,,,,,,
S51,,Sikorsky,H-5,H1P,L,,,,,,,,,,,,,,,,,,,,
S52,,Sikorsky,S-52,H1P,L,,,,,,,,,,,,,,,,,,,,
S55P,,Sikorsky,S-55/H-19 Chickasaw,H1P,L,,,,,,,,,,,,,,,,,,,,
S55T,,Sikorsky,S-55T,H1T,L,,,,,,,,,,,,,,,,,,,,
S58P,,Sikorsky,S-58/H-34,H1P,L,,,,,,,,,,,,,,,,,,,,
S58T,S58,Sikorsky,S-58T,H1T,L,,,,,,,,,,,,,,,,,,,,
S61,S61,Sikorsky,S-61/SH-3 Sea King,H2T,M,,,,,,,,,,,,,,,,,,,,
S61R,,Sikorsky,S-61R/HH-3 Pelican,H2T,M,,,,,,,,,,,,,,,,,,,,
S62,,Sikorsky,S-62/HH-52 Seaguard,H1T,L,,,,,,,,,,,,,,,,,,,,
S64,,Sikorsky,S-64 Skycrane/CH-54 Tarhe,H2T,M,,,,,,,,,,,,,,,,,,,,
S76,S76,Sikorsky,S-76/H-76 Eagle,H2T,L,,,,,,,,,,,,,,,,,,,,
S92,S92,Sikorsky,S-92/H-92 Superhawk,H2T,M,,,,,,,,,,,,,,,,,,,,
S97,,Sikorsky,S-97 Raider,H1T,L,,,,,,,,,,,,,,,,,,,,
SAVA,,Sadler,Vampire,L1P,L,,,,,,,,,,,,,,,,,,,,
SBD,,Douglas,SBD Dauntless,L1P,L,25530,,,161,222,,,4.14,10.09,30.20,12.66,,,980,969,,,4853,,
SMB2,,Dassault,Super Mystère B2,L1J,M,,,,,,,,,,,,,,,,,,,,
SR71,,Lockheed,SR-71 Blackbird,L2J,M,,,,,,,,,,,,,,,,,,,,
SUCO,,Bell,YAH-63 SuperCobra,H2T,M,,,,,,,,,,,,,,,,,,,,
T134,TU3,Tupolev,Tu-134,L2J,M,,,,,,,,,,,,,,,,,,,,
T144,,Tupolev,Tu-144,L4J,H,,,,,,,,,,,,,,,,,,,,
T154,TU5,Tupolev,Tu-154,L3J,M,,,,,,,,,,,,,,,,,,,,
T160,,Tupolev,Tu-160,L4J,H,,,,,,,,,,,,,,,,,,,,
T204,T20,Tupolev,Tu-204,L2J,M,,,,,,,,,,,,,,,,,,,,
T206,,Cessna,T206 Turbo Stationair,L1P,L,,,,,,,,,,,,,,,,,,,,
T210,,Cessna,T210 Turbo Centurion,L1P,L,,,,,,,,,,,,,,,,,,,,
T22M,,Tupolev,Tu-22M,L2J,M,,,,,,,,,,,,,,,,,,,,
T33,,Lockheed,T-33 Silver Star,L1J,M,,,,,,,,,,,,,,,,,,,,
T334,,Tupolev,Tu-334,L2J,M,,,,,,,,,,,,,,,,,,,,
T34P,,Beechcraft,T-34 Mentor,L1P,L,,,69,,,,,,,,,,,,,,,,,
T34T,,Beechcraft,T-34C Turbo Mentor,L1T,L,,,,,,,,,,,,,,,,,,,,
T37,,Cessna,T-37 Tweet,L2J,L,,,,,,,,,,,,,,,,,,,,
T38,,Northrop,T-38 Talon,L2J,L,,,,,,,,,,,,,,,,,,,,
T50,,Cessna,T-50,L2P,L,,,,,,,,,,,,,,,,,,,,
TBM,,Grumman,TBM Avenger,L1P,M,,,,,,,,,,,,,,,,,,,,
TCAT,,Grumman,F7F Tigercat,L2P,M,,,,,,,,,,,,,,,,,,,,
TIGR,,Airbus Helicopters,Tigre,H2T,L,,,,,,,,,,,,,,,,,,,,
TPIL,,ENAER,T-35DT Turbo Pillán,L1T,L,,,,,,,,,,,,,,,,,,,,
TU16,,Tupolev,Tu-16,L2J,M,,,,,,,,,,,,,,,,,,,,
TU22,,Tupolev,Tu-22,L2J,M,,,,,,,,,,,,,,,,,,,,
TU4,,Tupolev,Tu-4,L4T,M,,,,,,,,,,,,,,,,,,,,
TU95,,Tupolev,Tu-95,L4T,H,,,,,,,,,,,,,,,,,,,,
TUCA,,Embraer,EMB-312 Tucano,L1T,L,,,87,,,,,,,,,,,,,,,,,
U16,,Grumman,HU-16 Albatross,A2P,M,,,,,,,,,,,,,,,,,,,,
U2,,Lockheed,U-2,L1J,M,,,,,,,,,,,,,,,,,,,,
U21,,Beechcraft,U-21 Ute,L2T,L,,,,,,,,,,,,,,,,,,,,
UH1,,Bell,204/UH-1 Iroquois,H1T,L,,,,,,,,,,,,,,,,,,,,
UH1Y,,Bell,UH-1Y Venom,H2T,M,,,,,,,,,,,,,,,,,,,,
V1,,Grumman,OV-1 Mohawk,L2T,M,,,,,,,,,,,,,,,,,,,,
VF35,,Lockheed Martin,F-35B Lightning II,L1J,M,,,,,,,,,,,,,,,,,,,,
WCAT,,Grumman,F4F Wildcat,L1P,L,,,,,,,,,,,,,,,,,,,,
WSP,,Australian Aircraft Kits,Wasp,L1P,L,,,46,84,97,,,,,12.10,8.90,,,100,,,,,,
X2,,Sikorsky,X-2,H1T,L,,,,,,,,,,,,,,,,,,,,
X29,,Grumman,X-29,L1J,M,,,,,,,,,,,,,,,,,,,,
X32,,Boeing,X-32,L1J,M,,,,,,,,,,,,,,,,,,,,
X47B,,Northrop Grumman,X-47B,L1J,M,,,,,,,,,,,,,,,,,,,,
X49,,Piasecki,X-49 SpeedHawk,H2T,M,,,,,,,,,,,,,,,,,,,,
X55,,Lockheed Martin,X-55 ACCA,L2J,M,,,,,,,,,,,,,,,,,,,,
XV15,,Bell,XV-15,T2T,L,,,,,,,,,,,,,,,,,,,,
Y112,,Yakovlev,Yak-112,L1P,L,,,,,,,,,,,,,,,,,,,,
Y130,,Yakovlev,Yak-130,L2J,M,,,,,,,,,,,,,,,,,,,,
Y141,,Yakovlev,Yak-141,L3J,M,,,,,,,,,,,,,,,,,,,,
Y18T,,Yakovlev,Yak-18T,L1P,L,,,,,,,,,,,,,,,,,,,,
YAK3,,Yakovlev,Yak-3,L1P,L,,,,,,,,,,,,,,,,,,,,
YAK9,,Yakovlev,Yak-9,L1P,L,,,,,,,,,,,,,,,,,,,,
YK11,,Yakovlev,Yak-11,L1P,L,,,,,,,,,,,,,,,,,,,,
YK12,,Yakovlev,Yak-12,L1P,L,,,,,,,,,,,,,,,,,,,,
YK18,,Yakovlev,Yak-18,L1P,L,,,,,,,,,,,,,,,,,,,,
YK28,,Yakovlev,Yak-28,L2J,M,,,,,,,,,,,,,,,,,,,,
YK30,,Yakovlev,Yak-30,L1J,L,,,,,,,,,,,,,,,,,,,,
YK38,,Yakovlev,Yak-38,L3J,M,,,,,,,,,,,,,,,,,,,,
YK40,YK4,Yakovlev,Yak-40,L3J,M,,,,,,,,,,,,,,,,,,,,
YK42,YK2,Yakovlev,Yak-42,L3J,M,,,,,,,,,,,,,,,,,,,,
YK50,,Yakovlev,Yak-50,L1P,L,,,,,,,,,,,,,,,,,,,,
YK52,,Yakovlev,Yak-52,L1P,L,,,,,,,,,,,,,,,,,,,,
YK53,,Yakovlev,Yak-53,L1P,L,,,,,,,,,,,,,,,,,,,,
YK54,,Yakovlev,Yak-54,L1P,L,,,,,,,,,,,,,,,,,,,,
YK55,,Yakovlev,Yak-55,L1P,L,,,,,,,,,,,,,,,,,,,,
YK58,,Yakovlev,Yak-58,L1P,L,,,,,,,,,,,,,,,,,,,,
Z22,,Zlín,Z-22 Junak,L1P,L,12500,,,86,97,,,1.96,7.25,14.65,10.60,,,72,650,,,,,
Z26,,Zlín,Z-26 Trener,L1P,L,14800,,,117,127,,,2.06,7.98,14.89,9.88,,,,240,,,1000,,
Z37P,,Zlín,Z-37 Čmelák,L1P,L,,,,92,110,,,2.90,8.55,23.80,12.22,,,125,,,,1850,,
Z37T,,Zlín,Z-37T Agro-Turbo,L1T,L,,,,,,,,,,,,,,,,,,,,
Z42,,Zlín,Z-42,L1P,L,13940,,,116,122,,,2.69,7.07,13.15,9.11,,,130,290,970,,970,,https://www.easa.europa.eu/document-library/type-certificates/aircraft-cs-25-cs-22-cs-23-cs-vla-cs-lsa/easaa027
Z43,,Zlín,Z-43,L1P,L,12500,,,79,110,,,2.91,7.75,14.50,9.76,,,230,330,1280,,1350,,https://www.easa.europa.eu/document-library/type-certificates/aircraft-cs-25-cs-22-cs-23-cs-vla-cs-lsa/easaa028
Z50,,Zlín,Z-50,L1P,L,20000,,,130,158,,,1.99,6.62,12.50,8.58,,,160,,800,,800,,https://www.easa.europa.eu/document-library/type-certificates/aircraft-cs-25-cs-22-cs-23-cs-vla-cs-lsa/easaa108
